run_id,kernel,mode,bound_mode,iteration,breaks,f_mhz,II,raw_AHA_II,effective_power_II,P_mean_mW,P_mean_dyn_mW,P_mean_leak_mW,P_upper_anchor_mW,P_upper_spec_mW,P_upper_robust_mW,P_effective_stop_upper_mW,cap_mW,safe,stopped_here,active_after,P_oracle_mW,success,delta_cap_pct
SIM_DIR-1784865603,SIM_DIR,baseline,,0,0,57.0,0.0,0.0,1.0,40.43096066321981,40.422058776357495,0.008901886862308512,58.62489296166872,52.56024886218575,,52.56024886218575,,True,False,True,,,
SIM_DIR-1784865603,SIM_DIR,capstone_i,,0,0,57.0,0.0,0.0,1.0,40.43096066321981,40.422058776357495,0.008901886862308512,58.62489296166872,52.56024886218575,,52.56024886218575,350.0,True,False,True,,,
SIM_DIR-1784865603,SIM_DIR,capstone_ii,,0,0,57.0,0.0,0.0,1.0,40.43096066321981,40.422058776357495,0.008901886862308512,62.830960663219805,54.43096066321981,,54.43096066321981,350.0,True,False,True,,,
SIM_DIR-1784865603,SIM_DIR,capstone_iii_fit_1x,fit_1x,0,0,57.0,0.0,0.0,1.0,40.43096066321981,40.422058776357495,0.008901886862308512,,,42.552063602037684,42.552063602037684,350.0,True,False,True,,,
SIM_DIR-1784865603,SIM_DIR,capstone_iii_fit_2x,fit_2x,0,0,57.0,0.0,0.0,1.0,40.43096066321981,40.422058776357495,0.008901886862308512,,,44.57316654085556,44.57316654085556,350.0,True,False,True,,,
SIM_DIR-1784865603,SIM_DIR,capstone_iii_fit_activity,fit_activity,0,0,57.0,0.0,0.0,1.0,40.43096066321981,40.422058776357495,0.008901886862308512,,,44.16894595309199,44.16894595309199,350.0,True,False,True,,,
SIM_DIR-1784865603,SIM_DIR,capstone_iii_fit_activity_pvt,fit_activity_pvt,0,0,57.0,0.0,0.0,1.0,40.43096066321981,40.422058776357495,0.008901886862308512,,,45.38160771638271,45.38160771638271,350.0,True,False,True,,,
SIM_DIR-1784865603,SIM_DIR,capstone_iii_full,full,0,0,57.0,0.0,0.0,1.0,40.43096066321981,40.422058776357495,0.008901886862308512,,,46.594269479673436,46.594269479673436,350.0,True,False,True,,,
SIM_DIR-1784865603,SIM_DIR,baseline,,1,1,58.0,0.0,0.0,1.0,41.272926028189204,41.26402414132689,0.008901886862308512,59.84574274087434,53.65480383664597,,53.65480383664597,,True,False,True,,,
SIM_DIR-1784865603,SIM_DIR,capstone_i,,1,1,58.0,0.0,0.0,1.0,41.272926028189204,41.26402414132689,0.008901886862308512,59.84574274087434,53.65480383664597,,53.65480383664597,350.0,True,False,True,,,
SIM_DIR-1784865603,SIM_DIR,capstone_ii,,1,1,58.0,0.0,0.0,1.0,41.272926028189204,41.26402414132689,0.008901886862308512,63.6729260281892,55.272926028189204,,55.272926028189204,350.0,True,False,True,,,
SIM_DIR-1784865603,SIM_DIR,capstone_iii_fit_1x,fit_1x,1,1,58.0,0.0,0.0,1.0,41.272926028189204,41.26402414132689,0.008901886862308512,,,43.43612723525555,43.43612723525555,350.0,True,False,True,,,
SIM_DIR-1784865603,SIM_DIR,capstone_iii_fit_2x,fit_2x,1,1,58.0,0.0,0.0,1.0,41.272926028189204,41.26402414132689,0.008901886862308512,,,45.4993284423219,45.4993284423219,350.0,True,False,True,,,
SIM_DIR-1784865603,SIM_DIR,capstone_iii_fit_activity,fit_activity,1,1,58.0,0.0,0.0,1.0,41.272926028189204,41.26402414132689,0.008901886862308512,,,45.08668820090863,45.08668820090863,350.0,True,False,True,,,
SIM_DIR-1784865603,SIM_DIR,capstone_iii_fit_activity_pvt,fit_activity_pvt,1,1,58.0,0.0,0.0,1.0,41.272926028189204,41.26402414132689,0.008901886862308512,,,46.32460892514843,46.32460892514843,350.0,True,False,True,,,
SIM_DIR-1784865603,SIM_DIR,capstone_iii_full,full,1,1,58.0,0.0,0.0,1.0,41.272926028189204,41.26402414132689,0.008901886862308512,,,47.56252964938824,47.56252964938824,350.0,True,False,True,,,
SIM_DIR-1784865603,SIM_DIR,baseline,,2,2,62.0,0.0,0.0,1.0,44.26042644075527,44.251524553892956,0.008901886862308512,64.17761833909513,57.53855437298185,,57.53855437298185,,True,False,True,,,
SIM_DIR-1784865603,SIM_DIR,capstone_i,,2,2,62.0,0.0,0.0,1.0,44.26042644075527,44.251524553892956,0.008901886862308512,64.17761833909513,57.53855437298185,,57.53855437298185,350.0,True,False,True,,,
SIM_DIR-1784865603,SIM_DIR,capstone_ii,,2,2,62.0,0.0,0.0,1.0,44.26042644075527,44.251524553892956,0.008901886862308512,66.66042644075526,58.26042644075527,,58.26042644075527,350.0,True,False,True,,,
SIM_DIR-1784865603,SIM_DIR,capstone_iii_fit_1x,fit_1x,2,2,62.0,0.0,0.0,1.0,44.26042644075527,44.251524553892956,0.008901886862308512,,,46.57300266844991,46.57300266844991,350.0,True,False,True,,,
SIM_DIR-1784865603,SIM_DIR,capstone_iii_fit_2x,fit_2x,2,2,62.0,0.0,0.0,1.0,44.26042644075527,44.251524553892956,0.008901886862308512,,,48.785578896144564,48.785578896144564,350.0,True,False,True,,,
SIM_DIR-1784865603,SIM_DIR,capstone_iii_fit_activity,fit_activity,2,2,62.0,0.0,0.0,1.0,44.26042644075527,44.251524553892956,0.008901886862308512,,,48.34306365060563,48.34306365060563,350.0,True,False,True,,,
SIM_DIR-1784865603,SIM_DIR,capstone_iii_fit_activity_pvt,fit_activity_pvt,2,2,62.0,0.0,0.0,1.0,44.26042644075527,44.251524553892956,0.008901886862308512,,,49.67060938722242,49.67060938722242,350.0,True,False,True,,,
SIM_DIR-1784865603,SIM_DIR,capstone_iii_full,full,2,2,62.0,0.0,0.0,1.0,44.26042644075527,44.251524553892956,0.008901886862308512,,,50.998155123839204,50.998155123839204,350.0,True,False,True,,,
SIM_DIR-1784865603,SIM_DIR,baseline,,3,3,63.0,0.0,0.0,1.0,45.117891913117234,45.10899002625492,0.008901886862308512,65.42094327401999,58.6532594870524,,58.6532594870524,,True,False,True,,,
SIM_DIR-1784865603,SIM_DIR,capstone_i,,3,3,63.0,0.0,0.0,1.0,45.117891913117234,45.10899002625492,0.008901886862308512,65.42094327401999,58.6532594870524,,58.6532594870524,350.0,True,False,True,,,
SIM_DIR-1784865603,SIM_DIR,capstone_ii,,3,3,63.0,0.0,0.0,1.0,45.117891913117234,45.10899002625492,0.008901886862308512,67.51789191311724,59.117891913117234,,59.117891913117234,350.0,True,False,True,,,
SIM_DIR-1784865603,SIM_DIR,capstone_iii_fit_1x,fit_1x,3,3,63.0,0.0,0.0,1.0,45.117891913117234,45.10899002625492,0.008901886862308512,,,47.47334141442998,47.47334141442998,350.0,True,False,True,,,
SIM_DIR-1784865603,SIM_DIR,capstone_iii_fit_2x,fit_2x,3,3,63.0,0.0,0.0,1.0,45.117891913117234,45.10899002625492,0.008901886862308512,,,49.72879091574273,49.72879091574273,350.0,True,False,True,,,
SIM_DIR-1784865603,SIM_DIR,capstone_iii_fit_activity,fit_activity,3,3,63.0,0.0,0.0,1.0,45.117891913117234,45.10899002625492,0.008901886862308512,,,49.277701015480176,49.277701015480176,350.0,True,False,True,,,
SIM_DIR-1784865603,SIM_DIR,capstone_iii_fit_activity_pvt,fit_activity_pvt,3,3,63.0,0.0,0.0,1.0,45.117891913117234,45.10899002625492,0.008901886862308512,,,50.630970716267825,50.630970716267825,350.0,True,False,True,,,
SIM_DIR-1784865603,SIM_DIR,capstone_iii_full,full,3,3,63.0,0.0,0.0,1.0,45.117891913117234,45.10899002625492,0.008901886862308512,,,51.984240417055474,51.984240417055474,350.0,True,False,True,,,
SIM_DIR-1784865603,SIM_DIR,baseline,,4,4,63.0,0.0,0.0,1.0,45.261367062411956,45.252465175549645,0.008901886862308512,65.62898224049734,58.839777181135545,,58.839777181135545,,True,False,True,,,
SIM_DIR-1784865603,SIM_DIR,capstone_i,,4,4,63.0,0.0,0.0,1.0,45.261367062411956,45.252465175549645,0.008901886862308512,65.62898224049734,58.839777181135545,,58.839777181135545,350.0,True,False,True,,,
SIM_DIR-1784865603,SIM_DIR,capstone_ii,,4,4,63.0,0.0,0.0,1.0,45.261367062411956,45.252465175549645,0.008901886862308512,67.66136706241195,59.261367062411956,,59.261367062411956,350.0,True,False,True,,,
SIM_DIR-1784865603,SIM_DIR,capstone_iii_fit_1x,fit_1x,4,4,63.0,0.0,0.0,1.0,45.261367062411956,45.252465175549645,0.008901886862308512,,,47.62399032118944,47.62399032118944,350.0,True,False,True,,,
SIM_DIR-1784865603,SIM_DIR,capstone_iii_fit_2x,fit_2x,4,4,63.0,0.0,0.0,1.0,45.261367062411956,45.252465175549645,0.008901886862308512,,,49.88661357996692,49.88661357996692,350.0,True,False,True,,,
SIM_DIR-1784865603,SIM_DIR,capstone_iii_fit_activity,fit_activity,4,4,63.0,0.0,0.0,1.0,45.261367062411956,45.252465175549645,0.008901886862308512,,,49.43408892821142,49.43408892821142,350.0,True,False,True,,,
SIM_DIR-1784865603,SIM_DIR,capstone_iii_fit_activity_pvt,fit_activity_pvt,4,4,63.0,0.0,0.0,1.0,45.261367062411956,45.252465175549645,0.008901886862308512,,,50.79166288347791,50.79166288347791,350.0,True,False,True,,,
SIM_DIR-1784865603,SIM_DIR,capstone_iii_full,full,4,4,63.0,0.0,0.0,1.0,45.261367062411956,45.252465175549645,0.008901886862308512,,,52.1492368387444,52.1492368387444,350.0,True,False,True,,,
SIM_DIR-1784865603,SIM_DIR,baseline,,5,5,67.0,0.0,0.0,1.0,48.286855950093994,48.27795406323168,0.008901886862308512,70.01594112763628,62.7729127351222,,62.7729127351222,,True,False,True,,,
SIM_DIR-1784865603,SIM_DIR,capstone_i,,5,5,67.0,0.0,0.0,1.0,48.286855950093994,48.27795406323168,0.008901886862308512,70.01594112763628,62.7729127351222,,62.7729127351222,350.0,True,False,True,,,
SIM_DIR-1784865603,SIM_DIR,capstone_ii,,5,5,67.0,0.0,0.0,1.0,48.286855950093994,48.27795406323168,0.008901886862308512,70.68685595009399,62.286855950093994,,62.286855950093994,350.0,True,False,True,,,
SIM_DIR-1784865603,SIM_DIR,capstone_iii_fit_1x,fit_1x,5,5,67.0,0.0,0.0,1.0,48.286855950093994,48.27795406323168,0.008901886862308512,,,50.800753653255576,50.800753653255576,350.0,True,False,True,,,
SIM_DIR-1784865603,SIM_DIR,capstone_iii_fit_2x,fit_2x,5,5,67.0,0.0,0.0,1.0,48.286855950093994,48.27795406323168,0.008901886862308512,,,53.21465135641716,53.21465135641716,350.0,True,False,True,,,
SIM_DIR-1784865603,SIM_DIR,capstone_iii_fit_activity,fit_activity,5,5,67.0,0.0,0.0,1.0,48.286855950093994,48.27795406323168,0.008901886862308512,,,52.73187181578484,52.73187181578484,350.0,True,False,True,,,
SIM_DIR-1784865603,SIM_DIR,capstone_iii_fit_activity_pvt,fit_activity_pvt,5,5,67.0,0.0,0.0,1.0,48.286855950093994,48.27795406323168,0.008901886862308512,,,54.180210437681794,54.180210437681794,350.0,True,False,True,,,
SIM_DIR-1784865603,SIM_DIR,capstone_iii_full,full,5,5,67.0,0.0,0.0,1.0,48.286855950093994,48.27795406323168,0.008901886862308512,,,55.628549059578745,55.628549059578745,350.0,True,False,True,,,
SIM_DIR-1784865603,SIM_DIR,baseline,,6,6,110.0,0.0,0.0,1.0,79.52085272268356,79.51195083582125,0.008901886862308512,115.30523644789116,103.37710853948863,,103.37710853948863,,True,False,True,,,
SIM_DIR-1784865603,SIM_DIR,capstone_i,,6,6,110.0,0.0,0.0,1.0,79.52085272268356,79.51195083582125,0.008901886862308512,115.30523644789116,103.37710853948863,,103.37710853948863,350.0,True,False,True,,,
SIM_DIR-1784865603,SIM_DIR,capstone_ii,,6,6,110.0,0.0,0.0,1.0,79.52085272268356,79.51195083582125,0.008901886862308512,104.16085272268356,94.92085272268356,,94.92085272268356,350.0,True,False,True,,,
SIM_DIR-1784865603,SIM_DIR,capstone_iii_fit_1x,fit_1x,6,6,110.0,0.0,0.0,1.0,79.52085272268356,79.51195083582125,0.008901886862308512,,,83.59645026447461,83.59645026447461,350.0,True,False,True,,,
SIM_DIR-1784865603,SIM_DIR,capstone_iii_fit_2x,fit_2x,6,6,110.0,0.0,0.0,1.0,79.52085272268356,79.51195083582125,0.008901886862308512,,,87.57204780626567,87.57204780626567,350.0,True,False,True,,,
SIM_DIR-1784865603,SIM_DIR,capstone_iii_fit_activity,fit_activity,6,6,110.0,0.0,0.0,1.0,79.52085272268356,79.51195083582125,0.008901886862308512,,,86.77692829790746,86.77692829790746,350.0,True,False,True,,,
SIM_DIR-1784865603,SIM_DIR,capstone_iii_fit_activity_pvt,fit_activity_pvt,6,6,110.0,0.0,0.0,1.0,79.52085272268356,79.51195083582125,0.008901886862308512,,,89.1622868229821,89.1622868229821,350.0,True,False,True,,,
SIM_DIR-1784865603,SIM_DIR,capstone_iii_full,full,6,6,110.0,0.0,0.0,1.0,79.52085272268356,79.51195083582125,0.008901886862308512,,,91.54764534805673,91.54764534805673,350.0,True,False,True,,,
SIM_DIR-1784865603,SIM_DIR,baseline,,7,7,115.0,0.0,0.0,1.0,83.39557112685326,83.38666923999095,0.008901886862308512,120.92357813393721,108.41424246490924,,108.41424246490924,,True,False,True,,,
SIM_DIR-1784865603,SIM_DIR,capstone_i,,7,7,115.0,0.0,0.0,1.0,83.39557112685326,83.38666923999095,0.008901886862308512,120.92357813393721,108.41424246490924,,108.41424246490924,350.0,True,False,True,,,
SIM_DIR-1784865603,SIM_DIR,capstone_ii,,7,7,115.0,0.0,0.0,1.0,83.39557112685326,83.38666923999095,0.008901886862308512,109.15557112685326,99.49557112685325,,99.49557112685325,350.0,True,False,True,,,
SIM_DIR-1784865603,SIM_DIR,capstone_iii_fit_1x,fit_1x,7,7,115.0,0.0,0.0,1.0,83.39557112685326,83.38666923999095,0.008901886862308512,,,87.6649045888528,87.6649045888528,350.0,True,False,True,,,
SIM_DIR-1784865603,SIM_DIR,capstone_iii_fit_2x,fit_2x,7,7,115.0,0.0,0.0,1.0,83.39557112685326,83.38666923999095,0.008901886862308512,,,91.83423805085233,91.83423805085233,350.0,True,False,True,,,
SIM_DIR-1784865603,SIM_DIR,capstone_iii_fit_activity,fit_activity,7,7,115.0,0.0,0.0,1.0,83.39557112685326,83.38666923999095,0.008901886862308512,,,91.00037135845243,91.00037135845243,350.0,True,False,True,,,
SIM_DIR-1784865603,SIM_DIR,capstone_iii_fit_activity_pvt,fit_activity_pvt,7,7,115.0,0.0,0.0,1.0,83.39557112685326,83.38666923999095,0.008901886862308512,,,93.50197143565217,93.50197143565217,350.0,True,False,True,,,
SIM_DIR-1784865603,SIM_DIR,capstone_iii_full,full,7,7,115.0,0.0,0.0,1.0,83.39557112685326,83.38666923999095,0.008901886862308512,,,96.00357151285188,96.00357151285188,350.0,True,False,True,,,
SIM_DIR-1784865603,SIM_DIR,baseline,,8,8,115.0,0.0,0.0,1.0,83.65567006324706,83.64676817638475,0.008901886862308512,121.30072159170822,108.75237108222117,,108.75237108222117,,True,False,True,,,
SIM_DIR-1784865603,SIM_DIR,capstone_i,,8,8,115.0,0.0,0.0,1.0,83.65567006324706,83.64676817638475,0.008901886862308512,121.30072159170822,108.75237108222117,,108.75237108222117,350.0,True,False,True,,,
SIM_DIR-1784865603,SIM_DIR,capstone_ii,,8,8,115.0,0.0,0.0,1.0,83.65567006324706,83.64676817638475,0.008901886862308512,109.41567006324706,99.75567006324705,,99.75567006324705,350.0,True,False,True,,,
SIM_DIR-1784865603,SIM_DIR,capstone_iii_fit_1x,fit_1x,8,8,115.0,0.0,0.0,1.0,83.65567006324706,83.64676817638475,0.008901886862308512,,,87.9380084720663,87.9380084720663,350.0,True,False,True,,,
SIM_DIR-1784865603,SIM_DIR,capstone_iii_fit_2x,fit_2x,8,8,115.0,0.0,0.0,1.0,83.65567006324706,83.64676817638475,0.008901886862308512,,,92.12034688088553,92.12034688088553,350.0,True,False,True,,,
SIM_DIR-1784865603,SIM_DIR,capstone_iii_fit_activity,fit_activity,8,8,115.0,0.0,0.0,1.0,83.65567006324706,83.64676817638475,0.008901886862308512,,,91.28387919912169,91.28387919912169,350.0,True,False,True,,,
SIM_DIR-1784865603,SIM_DIR,capstone_iii_fit_activity_pvt,fit_activity_pvt,8,8,115.0,0.0,0.0,1.0,83.65567006324706,83.64676817638475,0.008901886862308512,,,93.79328224441323,93.79328224441323,350.0,True,False,True,,,
SIM_DIR-1784865603,SIM_DIR,capstone_iii_full,full,8,8,115.0,0.0,0.0,1.0,83.65567006324706,83.64676817638475,0.008901886862308512,,,96.30268528970477,96.30268528970477,350.0,True,False,True,,,
SIM_DIR-1784865603,SIM_DIR,baseline,,9,9,118.0,0.0,0.0,1.0,86.10419915811099,86.09529727124868,0.008901886862308512,124.85108877926093,111.93545890554428,,111.93545890554428,,True,False,True,,,
SIM_DIR-1784865603,SIM_DIR,capstone_i,,9,9,118.0,0.0,0.0,1.0,86.10419915811099,86.09529727124868,0.008901886862308512,124.85108877926093,111.93545890554428,,111.93545890554428,350.0,True,False,True,,,
SIM_DIR-1784865603,SIM_DIR,capstone_ii,,9,9,118.0,0.0,0.0,1.0,86.10419915811099,86.09529727124868,0.008901886862308512,112.53619915811099,102.62419915811098,,102.62419915811098,350.0,True,False,True,,,
SIM_DIR-1784865603,SIM_DIR,capstone_iii_fit_1x,fit_1x,9,9,118.0,0.0,0.0,1.0,86.10419915811099,86.09529727124868,0.008901886862308512,,,90.50896402167342,90.50896402167342,350.0,True,False,True,,,
SIM_DIR-1784865603,SIM_DIR,capstone_iii_fit_2x,fit_2x,9,9,118.0,0.0,0.0,1.0,86.10419915811099,86.09529727124868,0.008901886862308512,,,94.81372888523585,94.81372888523585,350.0,True,False,True,,,
SIM_DIR-1784865603,SIM_DIR,capstone_iii_fit_activity,fit_activity,9,9,118.0,0.0,0.0,1.0,86.10419915811099,86.09529727124868,0.008901886862308512,,,93.95277591252336,93.95277591252336,350.0,True,False,True,,,
SIM_DIR-1784865603,SIM_DIR,capstone_iii_fit_activity_pvt,fit_activity_pvt,9,9,118.0,0.0,0.0,1.0,86.10419915811099,86.09529727124868,0.008901886862308512,,,96.53563483066083,96.53563483066083,350.0,True,False,True,,,
SIM_DIR-1784865603,SIM_DIR,capstone_iii_full,full,9,9,118.0,0.0,0.0,1.0,86.10419915811099,86.09529727124868,0.008901886862308512,,,99.11849374879829,99.11849374879829,350.0,True,False,True,,,
SIM_DIR-1784865603,SIM_DIR,baseline,,10,10,118.0,0.0,0.0,1.0,86.37020060889871,86.36129872203641,0.008901886862308512,125.23679088290314,112.28126079156833,,112.28126079156833,,True,False,True,,,
SIM_DIR-1784865603,SIM_DIR,capstone_i,,10,10,118.0,0.0,0.0,1.0,86.37020060889871,86.36129872203641,0.008901886862308512,125.23679088290314,112.28126079156833,,112.28126079156833,350.0,True,False,True,,,
SIM_DIR-1784865603,SIM_DIR,capstone_ii,,10,10,118.0,0.0,0.0,1.0,86.37020060889871,86.36129872203641,0.008901886862308512,112.80220060889872,102.89020060889871,,102.89020060889871,350.0,True,False,True,,,
SIM_DIR-1784865603,SIM_DIR,capstone_iii_fit_1x,fit_1x,10,10,118.0,0.0,0.0,1.0,86.37020060889871,86.36129872203641,0.008901886862308512,,,90.78826554500053,90.78826554500053,350.0,True,False,True,,,
SIM_DIR-1784865603,SIM_DIR,capstone_iii_fit_2x,fit_2x,10,10,118.0,0.0,0.0,1.0,86.37020060889871,86.36129872203641,0.008901886862308512,,,95.10633048110235,95.10633048110235,350.0,True,False,True,,,
SIM_DIR-1784865603,SIM_DIR,capstone_iii_fit_activity,fit_activity,10,10,118.0,0.0,0.0,1.0,86.37020060889871,86.36129872203641,0.008901886862308512,,,94.24271749388198,94.24271749388198,350.0,True,False,True,,,
SIM_DIR-1784865603,SIM_DIR,capstone_iii_fit_activity_pvt,fit_activity_pvt,10,10,118.0,0.0,0.0,1.0,86.37020060889871,86.36129872203641,0.008901886862308512,,,96.83355645554308,96.83355645554308,350.0,True,False,True,,,
SIM_DIR-1784865603,SIM_DIR,capstone_iii_full,full,10,10,118.0,0.0,0.0,1.0,86.37020060889871,86.36129872203641,0.008901886862308512,,,99.42439541720417,99.42439541720417,350.0,True,False,True,,,
SIM_DIR-1784865603,SIM_DIR,baseline,,11,11,120.0,0.0,0.0,1.0,88.10402250246146,88.09512061559916,0.008901886862308512,127.75083262856911,114.5352292531999,,114.5352292531999,,True,False,True,,,
SIM_DIR-1784865603,SIM_DIR,capstone_i,,11,11,120.0,0.0,0.0,1.0,88.10402250246146,88.09512061559916,0.008901886862308512,127.75083262856911,114.5352292531999,,114.5352292531999,350.0,True,False,True,,,
SIM_DIR-1784865603,SIM_DIR,capstone_ii,,11,11,120.0,0.0,0.0,1.0,88.10402250246146,88.09512061559916,0.008901886862308512,114.98402250246146,104.90402250246146,,104.90402250246146,350.0,True,False,True,,,
SIM_DIR-1784865603,SIM_DIR,capstone_iii_fit_1x,fit_1x,11,11,120.0,0.0,0.0,1.0,88.10402250246146,88.09512061559916,0.008901886862308512,,,92.60877853324142,92.60877853324142,350.0,True,False,True,,,
SIM_DIR-1784865603,SIM_DIR,capstone_iii_fit_2x,fit_2x,11,11,120.0,0.0,0.0,1.0,88.10402250246146,88.09512061559916,0.008901886862308512,,,97.01353456402137,97.01353456402137,350.0,True,False,True,,,
SIM_DIR-1784865603,SIM_DIR,capstone_iii_fit_activity,fit_activity,11,11,120.0,0.0,0.0,1.0,88.10402250246146,88.09512061559916,0.008901886862308512,,,96.13258335786539,96.13258335786539,350.0,True,False,True,,,
SIM_DIR-1784865603,SIM_DIR,capstone_iii_fit_activity_pvt,fit_activity_pvt,11,11,120.0,0.0,0.0,1.0,88.10402250246146,88.09512061559916,0.008901886862308512,,,98.77543697633335,98.77543697633335,350.0,True,False,True,,,
SIM_DIR-1784865603,SIM_DIR,capstone_iii_full,full,11,11,120.0,0.0,0.0,1.0,88.10402250246146,88.09512061559916,0.008901886862308512,,,101.41829059480132,101.41829059480132,350.0,True,False,True,,,
SIM_DIR-1784865603,SIM_DIR,baseline,,12,12,122.0,0.0,0.0,1.0,89.84640713410167,89.83750524723936,0.008901886862308512,130.2772903444474,116.80032927433217,,116.80032927433217,,True,False,True,,,
SIM_DIR-1784865603,SIM_DIR,capstone_i,,12,12,122.0,0.0,0.0,1.0,89.84640713410167,89.83750524723936,0.008901886862308512,130.2772903444474,116.80032927433217,,116.80032927433217,350.0,True,False,True,,,
SIM_DIR-1784865603,SIM_DIR,capstone_ii,,12,12,122.0,0.0,0.0,1.0,89.84640713410167,89.83750524723936,0.008901886862308512,117.17440713410167,106.92640713410167,,106.92640713410167,350.0,True,False,True,,,
SIM_DIR-1784865603,SIM_DIR,capstone_iii_fit_1x,fit_1x,12,12,122.0,0.0,0.0,1.0,89.84640713410167,89.83750524723936,0.008901886862308512,,,94.43828239646362,94.43828239646362,350.0,True,False,True,,,
SIM_DIR-1784865603,SIM_DIR,capstone_iii_fit_2x,fit_2x,12,12,122.0,0.0,0.0,1.0,89.84640713410167,89.83750524723936,0.008901886862308512,,,98.93015765882559,98.93015765882559,350.0,True,False,True,,,
SIM_DIR-1784865603,SIM_DIR,capstone_iii_fit_activity,fit_activity,12,12,122.0,0.0,0.0,1.0,89.84640713410167,89.83750524723936,0.008901886862308512,,,98.0317826063532,98.0317826063532,350.0,True,False,True,,,
SIM_DIR-1784865603,SIM_DIR,capstone_iii_fit_activity_pvt,fit_activity_pvt,12,12,122.0,0.0,0.0,1.0,89.84640713410167,89.83750524723936,0.008901886862308512,,,100.72690776377038,100.72690776377038,350.0,True,False,True,,,
SIM_DIR-1784865603,SIM_DIR,capstone_iii_full,full,12,12,122.0,0.0,0.0,1.0,89.84640713410167,89.83750524723936,0.008901886862308512,,,103.42203292118755,103.42203292118755,350.0,True,False,True,,,
SIM_DIR-1784865603,SIM_DIR,baseline,,13,13,125.0,0.0,0.0,1.0,92.33595586387945,92.32705397701714,0.008901886862308512,133.8871360026252,120.03674262304328,,120.03674262304328,,True,False,True,,,
SIM_DIR-1784865603,SIM_DIR,capstone_i,,13,13,125.0,0.0,0.0,1.0,92.33595586387945,92.32705397701714,0.008901886862308512,133.8871360026252,120.03674262304328,,120.03674262304328,350.0,True,False,True,,,
SIM_DIR-1784865603,SIM_DIR,capstone_ii,,13,13,125.0,0.0,0.0,1.0,92.33595586387945,92.32705397701714,0.008901886862308512,120.33595586387945,109.83595586387945,,109.83595586387945,350.0,True,False,True,,,
SIM_DIR-1784865603,SIM_DIR,capstone_iii_fit_1x,fit_1x,13,13,125.0,0.0,0.0,1.0,92.33595586387945,92.32705397701714,0.008901886862308512,,,97.05230856273029,97.05230856273029,350.0,True,False,True,,,
SIM_DIR-1784865603,SIM_DIR,capstone_iii_fit_2x,fit_2x,13,13,125.0,0.0,0.0,1.0,92.33595586387945,92.32705397701714,0.008901886862308512,,,101.66866126158115,101.66866126158115,350.0,True,False,True,,,
SIM_DIR-1784865603,SIM_DIR,capstone_iii_fit_activity,fit_activity,13,13,125.0,0.0,0.0,1.0,92.33595586387945,92.32705397701714,0.008901886862308512,,,100.74539072181098,100.74539072181098,350.0,True,False,True,,,
SIM_DIR-1784865603,SIM_DIR,capstone_iii_fit_activity_pvt,fit_activity_pvt,13,13,125.0,0.0,0.0,1.0,92.33595586387945,92.32705397701714,0.008901886862308512,,,103.5152023411215,103.5152023411215,350.0,True,False,True,,,
SIM_DIR-1784865603,SIM_DIR,capstone_iii_full,full,13,13,125.0,0.0,0.0,1.0,92.33595586387945,92.32705397701714,0.008901886862308512,,,106.28501396043201,106.28501396043201,350.0,True,False,True,,,
SIM_DIR-1784865603,SIM_DIR,baseline,,14,14,125.0,0.0,0.0,1.0,92.61594825304458,92.60704636618227,0.008901886862308512,134.29312496691463,120.40073272895796,,120.40073272895796,,True,False,True,,,
SIM_DIR-1784865603,SIM_DIR,capstone_i,,14,14,125.0,0.0,0.0,1.0,92.61594825304458,92.60704636618227,0.008901886862308512,134.29312496691463,120.40073272895796,,120.40073272895796,350.0,True,False,True,,,
SIM_DIR-1784865603,SIM_DIR,capstone_ii,,14,14,125.0,0.0,0.0,1.0,92.61594825304458,92.60704636618227,0.008901886862308512,120.61594825304458,110.11594825304458,,110.11594825304458,350.0,True,False,True,,,
SIM_DIR-1784865603,SIM_DIR,capstone_iii_fit_1x,fit_1x,14,14,125.0,0.0,0.0,1.0,92.61594825304458,92.60704636618227,0.008901886862308512,,,97.3463005713537,97.3463005713537,350.0,True,False,True,,,
SIM_DIR-1784865603,SIM_DIR,capstone_iii_fit_2x,fit_2x,14,14,125.0,0.0,0.0,1.0,92.61594825304458,92.60704636618227,0.008901886862308512,,,101.97665288966282,101.97665288966282,350.0,True,False,True,,,
SIM_DIR-1784865603,SIM_DIR,capstone_iii_fit_activity,fit_activity,14,14,125.0,0.0,0.0,1.0,92.61594825304458,92.60704636618227,0.008901886862308512,,,101.05058242600099,101.05058242600099,350.0,True,False,True,,,
SIM_DIR-1784865603,SIM_DIR,capstone_iii_fit_activity_pvt,fit_activity_pvt,14,14,125.0,0.0,0.0,1.0,92.61594825304458,92.60704636618227,0.008901886862308512,,,103.82879381698645,103.82879381698645,350.0,True,False,True,,,
SIM_DIR-1784865603,SIM_DIR,capstone_iii_full,full,14,14,125.0,0.0,0.0,1.0,92.61594825304458,92.60704636618227,0.008901886862308512,,,106.60700520797191,106.60700520797191,350.0,True,False,True,,,
SIM_DIR-1784865603,SIM_DIR,baseline,,15,15,129.0,0.0,0.0,1.0,95.86788109217358,95.85897920531127,0.008901886862308512,139.0084275836517,124.62824541982565,,124.62824541982565,,True,False,True,,,
SIM_DIR-1784865603,SIM_DIR,capstone_i,,15,15,129.0,0.0,0.0,1.0,95.86788109217358,95.85897920531127,0.008901886862308512,139.0084275836517,124.62824541982565,,124.62824541982565,350.0,True,False,True,,,
SIM_DIR-1784865603,SIM_DIR,capstone_ii,,15,15,129.0,0.0,0.0,1.0,95.86788109217358,95.85897920531127,0.008901886862308512,124.76388109217358,113.92788109217358,,113.92788109217358,350.0,True,False,True,,,
SIM_DIR-1784865603,SIM_DIR,capstone_iii_fit_1x,fit_1x,15,15,129.0,0.0,0.0,1.0,95.86788109217358,95.85897920531127,0.008901886862308512,,,100.76083005243913,100.76083005243913,350.0,True,False,True,,,
SIM_DIR-1784865603,SIM_DIR,capstone_iii_fit_2x,fit_2x,15,15,129.0,0.0,0.0,1.0,95.86788109217358,95.85897920531127,0.008901886862308512,,,105.5537790127047,105.5537790127047,350.0,True,False,True,,,
SIM_DIR-1784865603,SIM_DIR,capstone_iii_fit_activity,fit_activity,15,15,129.0,0.0,0.0,1.0,95.86788109217358,95.85897920531127,0.008901886862308512,,,104.59518922065159,104.59518922065159,350.0,True,False,True,,,
SIM_DIR-1784865603,SIM_DIR,capstone_iii_fit_activity_pvt,fit_activity_pvt,15,15,129.0,0.0,0.0,1.0,95.86788109217358,95.85897920531127,0.008901886862308512,,,107.4709585968109,107.4709585968109,350.0,True,False,True,,,
SIM_DIR-1784865603,SIM_DIR,capstone_iii_full,full,15,15,129.0,0.0,0.0,1.0,95.86788109217358,95.85897920531127,0.008901886862308512,,,110.34672797297026,110.34672797297026,350.0,True,False,True,,,
SIM_DIR-1784865603,SIM_DIR,baseline,,16,16,132.0,0.0,0.0,1.0,98.39192796720214,98.38302608033983,0.008901886862308512,142.66829555244308,127.90950635736279,,127.90950635736279,,True,False,True,,,
SIM_DIR-1784865603,SIM_DIR,capstone_i,,16,16,132.0,0.0,0.0,1.0,98.39192796720214,98.38302608033983,0.008901886862308512,142.66829555244308,127.90950635736279,,127.90950635736279,350.0,True,False,True,,,
SIM_DIR-1784865603,SIM_DIR,capstone_ii,,16,16,132.0,0.0,0.0,1.0,98.39192796720214,98.38302608033983,0.008901886862308512,127.95992796720213,116.87192796720214,,116.87192796720214,350.0,True,False,True,,,
SIM_DIR-1784865603,SIM_DIR,capstone_iii_fit_1x,fit_1x,16,16,132.0,0.0,0.0,1.0,98.39192796720214,98.38302608033983,0.008901886862308512,,,103.41107927121912,103.41107927121912,350.0,True,False,True,,,
SIM_DIR-1784865603,SIM_DIR,capstone_iii_fit_2x,fit_2x,16,16,132.0,0.0,0.0,1.0,98.39192796720214,98.38302608033983,0.008901886862308512,,,108.33023057523611,108.33023057523611,350.0,True,False,True,,,
SIM_DIR-1784865603,SIM_DIR,capstone_iii_fit_activity,fit_activity,16,16,132.0,0.0,0.0,1.0,98.39192796720214,98.38302608033983,0.008901886862308512,,,107.34640031443273,107.34640031443273,350.0,True,False,True,,,
SIM_DIR-1784865603,SIM_DIR,capstone_iii_fit_activity_pvt,fit_activity_pvt,16,16,132.0,0.0,0.0,1.0,98.39192796720214,98.38302608033983,0.008901886862308512,,,110.29789109684292,110.29789109684292,350.0,True,False,True,,,
SIM_DIR-1784865603,SIM_DIR,capstone_iii_full,full,16,16,132.0,0.0,0.0,1.0,98.39192796720214,98.38302608033983,0.008901886862308512,,,113.2493818792531,113.2493818792531,350.0,True,False,True,,,
SIM_DIR-1784865603,SIM_DIR,baseline,,17,17,133.0,0.0,0.0,1.0,99.43380988974457,99.42490800288226,0.008901886862308512,144.17902434012962,129.26395285666794,,129.26395285666794,,True,False,True,,,
SIM_DIR-1784865603,SIM_DIR,capstone_i,,17,17,133.0,0.0,0.0,1.0,99.43380988974457,99.42490800288226,0.008901886862308512,144.17902434012962,129.26395285666794,,129.26395285666794,350.0,True,False,True,,,
SIM_DIR-1784865603,SIM_DIR,capstone_ii,,17,17,133.0,0.0,0.0,1.0,99.43380988974457,99.42490800288226,0.008901886862308512,129.22580988974457,118.05380988974457,,118.05380988974457,350.0,True,False,True,,,
SIM_DIR-1784865603,SIM_DIR,capstone_iii_fit_1x,fit_1x,17,17,133.0,0.0,0.0,1.0,99.43380988974457,99.42490800288226,0.008901886862308512,,,104.50505528988867,104.50505528988867,350.0,True,False,True,,,
SIM_DIR-1784865603,SIM_DIR,capstone_iii_fit_2x,fit_2x,17,17,133.0,0.0,0.0,1.0,99.43380988974457,99.42490800288226,0.008901886862308512,,,109.47630069003279,109.47630069003279,350.0,True,False,True,,,
SIM_DIR-1784865603,SIM_DIR,capstone_iii_fit_activity,fit_activity,17,17,133.0,0.0,0.0,1.0,99.43380988974457,99.42490800288226,0.008901886862308512,,,108.48205161000396,108.48205161000396,350.0,True,False,True,,,
SIM_DIR-1784865603,SIM_DIR,capstone_iii_fit_activity_pvt,fit_activity_pvt,17,17,133.0,0.0,0.0,1.0,99.43380988974457,99.42490800288226,0.008901886862308512,,,111.46479885009043,111.46479885009043,350.0,True,False,True,,,
SIM_DIR-1784865603,SIM_DIR,capstone_iii_full,full,17,17,133.0,0.0,0.0,1.0,99.43380988974457,99.42490800288226,0.008901886862308512,,,114.4475460901769,114.4475460901769,350.0,True,False,True,,,
SIM_DIR-1784865603,SIM_DIR,baseline,,18,18,212.0,0.0,0.0,1.0,158.96271611072305,158.95381422386075,0.008901886862308512,230.49593836054842,206.65153094393997,,206.65153094393997,,True,False,True,,,
SIM_DIR-1784865603,SIM_DIR,capstone_i,,18,18,212.0,0.0,0.0,1.0,158.96271611072305,158.95381422386075,0.008901886862308512,230.49593836054842,206.65153094393997,,206.65153094393997,350.0,True,False,True,,,
SIM_DIR-1784865603,SIM_DIR,capstone_ii,,18,18,212.0,0.0,0.0,1.0,158.96271611072305,158.95381422386075,0.008901886862308512,206.45071611072305,188.64271611072306,,188.64271611072306,350.0,True,False,True,,,
SIM_DIR-1784865603,SIM_DIR,capstone_iii_fit_1x,fit_1x,18,18,212.0,0.0,0.0,1.0,158.96271611072305,158.95381422386075,0.008901886862308512,,,167.0104068219161,167.0104068219161,350.0,True,False,True,,,
SIM_DIR-1784865603,SIM_DIR,capstone_iii_fit_2x,fit_2x,18,18,212.0,0.0,0.0,1.0,158.96271611072305,158.95381422386075,0.008901886862308512,,,174.95809753310914,174.95809753310914,350.0,True,False,True,,,
SIM_DIR-1784865603,SIM_DIR,capstone_iii_fit_activity,fit_activity,18,18,212.0,0.0,0.0,1.0,158.96271611072305,158.95381422386075,0.008901886862308512,,,173.3685593908705,173.3685593908705,350.0,True,False,True,,,
SIM_DIR-1784865603,SIM_DIR,capstone_iii_fit_activity_pvt,fit_activity_pvt,18,18,212.0,0.0,0.0,1.0,158.96271611072305,158.95381422386075,0.008901886862308512,,,178.13717381758636,178.13717381758636,350.0,True,False,True,,,
SIM_DIR-1784865603,SIM_DIR,capstone_iii_full,full,18,18,212.0,0.0,0.0,1.0,158.96271611072305,158.95381422386075,0.008901886862308512,,,182.90578824430216,182.90578824430216,350.0,True,False,True,,,
SIM_DIR-1784865603,SIM_DIR,baseline,,19,19,214.0,0.0,0.0,1.0,160.9380430069856,160.9291411201233,0.008901886862308512,233.3601623601291,209.2194559090813,,209.2194559090813,,True,False,True,,,
SIM_DIR-1784865603,SIM_DIR,capstone_i,,19,19,214.0,0.0,0.0,1.0,160.9380430069856,160.9291411201233,0.008901886862308512,233.3601623601291,209.2194559090813,,209.2194559090813,350.0,True,False,True,,,
SIM_DIR-1784865603,SIM_DIR,capstone_ii,,19,19,214.0,0.0,0.0,1.0,160.9380430069856,160.9291411201233,0.008901886862308512,208.8740430069856,190.8980430069856,,190.8980430069856,350.0,True,False,True,,,
SIM_DIR-1784865603,SIM_DIR,capstone_iii_fit_1x,fit_1x,19,19,214.0,0.0,0.0,1.0,160.9380430069856,160.9291411201233,0.008901886862308512,,,169.08450006299174,169.08450006299174,350.0,True,False,True,,,
SIM_DIR-1784865603,SIM_DIR,capstone_iii_fit_2x,fit_2x,19,19,214.0,0.0,0.0,1.0,160.9380430069856,160.9291411201233,0.008901886862308512,,,177.1309571189979,177.1309571189979,350.0,True,False,True,,,
SIM_DIR-1784865603,SIM_DIR,capstone_iii_fit_activity,fit_activity,19,19,214.0,0.0,0.0,1.0,160.9380430069856,160.9291411201233,0.008901886862308512,,,175.5216657077967,175.5216657077967,350.0,True,False,True,,,
SIM_DIR-1784865603,SIM_DIR,capstone_iii_fit_activity_pvt,fit_activity_pvt,19,19,214.0,0.0,0.0,1.0,160.9380430069856,160.9291411201233,0.008901886862308512,,,180.34953994140037,180.34953994140037,350.0,True,False,True,,,
SIM_DIR-1784865603,SIM_DIR,capstone_iii_full,full,19,19,214.0,0.0,0.0,1.0,160.9380430069856,160.9291411201233,0.008901886862308512,,,185.17741417500406,185.17741417500406,350.0,True,False,True,,,
SIM_DIR-1784865603,SIM_DIR,baseline,,20,20,215.0,0.0,0.0,1.0,162.16734461958,162.1584427327177,0.008901886862308512,235.142649698391,210.81754800545403,,210.81754800545403,,True,False,True,,,
SIM_DIR-1784865603,SIM_DIR,capstone_i,,20,20,215.0,0.0,0.0,1.0,162.16734461958,162.1584427327177,0.008901886862308512,235.142649698391,210.81754800545403,,210.81754800545403,350.0,True,False,True,,,
SIM_DIR-1784865603,SIM_DIR,capstone_ii,,20,20,215.0,0.0,0.0,1.0,162.16734461958,162.1584427327177,0.008901886862308512,210.32734461958,192.26734461958,,192.26734461958,350.0,True,False,True,,,
SIM_DIR-1784865603,SIM_DIR,capstone_iii_fit_1x,fit_1x,20,20,215.0,0.0,0.0,1.0,162.16734461958,162.1584427327177,0.008901886862308512,,,170.3752667562159,170.3752667562159,350.0,True,False,True,,,
SIM_DIR-1784865603,SIM_DIR,capstone_iii_fit_2x,fit_2x,20,20,215.0,0.0,0.0,1.0,162.16734461958,162.1584427327177,0.008901886862308512,,,178.48318889285179,178.48318889285179,350.0,True,False,True,,,
SIM_DIR-1784865603,SIM_DIR,capstone_iii_fit_activity,fit_activity,20,20,215.0,0.0,0.0,1.0,162.16734461958,162.1584427327177,0.008901886862308512,,,176.8616044655246,176.8616044655246,350.0,True,False,True,,,
SIM_DIR-1784865603,SIM_DIR,capstone_iii_fit_activity_pvt,fit_activity_pvt,20,20,215.0,0.0,0.0,1.0,162.16734461958,162.1584427327177,0.008901886862308512,,,181.72635774750614,181.72635774750614,350.0,True,False,True,,,
SIM_DIR-1784865603,SIM_DIR,capstone_iii_full,full,20,20,215.0,0.0,0.0,1.0,162.16734461958,162.1584427327177,0.008901886862308512,,,186.59111102948765,186.59111102948765,350.0,True,False,True,,,
SIM_DIR-1784865603,SIM_DIR,baseline,,21,21,218.0,0.0,0.0,1.0,164.9132875976484,164.9043857107861,0.008901886862308512,239.12426701659018,214.38727387694294,,214.38727387694294,,True,False,True,,,
SIM_DIR-1784865603,SIM_DIR,capstone_i,,21,21,218.0,0.0,0.0,1.0,164.9132875976484,164.9043857107861,0.008901886862308512,239.12426701659018,214.38727387694294,,214.38727387694294,350.0,True,False,True,,,
SIM_DIR-1784865603,SIM_DIR,capstone_ii,,21,21,218.0,0.0,0.0,1.0,164.9132875976484,164.9043857107861,0.008901886862308512,213.7452875976484,195.43328759764842,,195.43328759764842,350.0,True,False,True,,,
SIM_DIR-1784865603,SIM_DIR,capstone_iii_fit_1x,fit_1x,21,21,218.0,0.0,0.0,1.0,164.9132875976484,164.9043857107861,0.008901886862308512,,,173.25850688318772,173.25850688318772,350.0,True,False,True,,,
SIM_DIR-1784865603,SIM_DIR,capstone_iii_fit_2x,fit_2x,21,21,218.0,0.0,0.0,1.0,164.9132875976484,164.9043857107861,0.008901886862308512,,,181.503726168727,181.503726168727,350.0,True,False,True,,,
SIM_DIR-1784865603,SIM_DIR,capstone_iii_fit_activity,fit_activity,21,21,218.0,0.0,0.0,1.0,164.9132875976484,164.9043857107861,0.008901886862308512,,,179.85468231161917,179.85468231161917,350.0,True,False,True,,,
SIM_DIR-1784865603,SIM_DIR,capstone_iii_fit_activity_pvt,fit_activity_pvt,21,21,218.0,0.0,0.0,1.0,164.9132875976484,164.9043857107861,0.008901886862308512,,,184.80181388294275,184.80181388294275,350.0,True,False,True,,,
SIM_DIR-1784865603,SIM_DIR,capstone_iii_full,full,21,21,218.0,0.0,0.0,1.0,164.9132875976484,164.9043857107861,0.008901886862308512,,,189.74894545426633,189.74894545426633,350.0,True,False,True,,,
SIM_DIR-1784865603,SIM_DIR,baseline,,22,22,224.0,0.0,0.0,1.0,169.9478102514811,169.93890836461878,0.008901886862308512,246.42432486464756,220.93215332692543,,220.93215332692543,,True,False,True,,,
SIM_DIR-1784865603,SIM_DIR,capstone_i,,22,22,224.0,0.0,0.0,1.0,169.9478102514811,169.93890836461878,0.008901886862308512,246.42432486464756,220.93215332692543,,220.93215332692543,350.0,True,False,True,,,
SIM_DIR-1784865603,SIM_DIR,capstone_ii,,22,22,224.0,0.0,0.0,1.0,169.9478102514811,169.93890836461878,0.008901886862308512,220.12381025148107,201.3078102514811,,201.3078102514811,350.0,True,False,True,,,
SIM_DIR-1784865603,SIM_DIR,capstone_iii_fit_1x,fit_1x,22,22,224.0,0.0,0.0,1.0,169.9478102514811,169.93890836461878,0.008901886862308512,,,178.54475566971203,178.54475566971203,350.0,True,False,True,,,
SIM_DIR-1784865603,SIM_DIR,capstone_iii_fit_2x,fit_2x,22,22,224.0,0.0,0.0,1.0,169.9478102514811,169.93890836461878,0.008901886862308512,,,187.04170108794295,187.04170108794295,350.0,True,False,True,,,
SIM_DIR-1784865603,SIM_DIR,capstone_iii_fit_activity,fit_activity,22,22,224.0,0.0,0.0,1.0,169.9478102514811,169.93890836461878,0.008901886862308512,,,185.34231200429676,185.34231200429676,350.0,True,False,True,,,
SIM_DIR-1784865603,SIM_DIR,capstone_iii_fit_activity_pvt,fit_activity_pvt,22,22,224.0,0.0,0.0,1.0,169.9478102514811,169.93890836461878,0.008901886862308512,,,190.44047925523535,190.44047925523535,350.0,True,False,True,,,
SIM_DIR-1784865603,SIM_DIR,capstone_iii_full,full,22,22,224.0,0.0,0.0,1.0,169.9478102514811,169.93890836461878,0.008901886862308512,,,195.5386465061739,195.5386465061739,350.0,True,False,True,,,
SIM_DIR-1784865603,SIM_DIR,baseline,,23,23,226.0,0.0,0.0,1.0,171.96472477247755,171.95582288561525,0.008901886862308512,249.34885092009245,223.55414220422082,,223.55414220422082,,True,False,True,,,
SIM_DIR-1784865603,SIM_DIR,capstone_i,,23,23,226.0,0.0,0.0,1.0,171.96472477247755,171.95582288561525,0.008901886862308512,249.34885092009245,223.55414220422082,,223.55414220422082,350.0,True,False,True,,,
SIM_DIR-1784865603,SIM_DIR,capstone_ii,,23,23,226.0,0.0,0.0,1.0,171.96472477247755,171.95582288561525,0.008901886862308512,222.58872477247755,203.60472477247754,,203.60472477247754,350.0,True,False,True,,,
SIM_DIR-1784865603,SIM_DIR,capstone_iii_fit_1x,fit_1x,23,23,226.0,0.0,0.0,1.0,171.96472477247755,171.95582288561525,0.008901886862308512,,,180.6625159167583,180.6625159167583,350.0,True,False,True,,,
SIM_DIR-1784865603,SIM_DIR,capstone_iii_fit_2x,fit_2x,23,23,226.0,0.0,0.0,1.0,171.96472477247755,171.95582288561525,0.008901886862308512,,,189.26030706103907,189.26030706103907,350.0,True,False,True,,,
SIM_DIR-1784865603,SIM_DIR,capstone_iii_fit_activity,fit_activity,23,23,226.0,0.0,0.0,1.0,171.96472477247755,171.95582288561525,0.008901886862308512,,,187.54074883218294,187.54074883218294,350.0,True,False,True,,,
SIM_DIR-1784865603,SIM_DIR,capstone_iii_fit_activity_pvt,fit_activity_pvt,23,23,226.0,0.0,0.0,1.0,171.96472477247755,171.95582288561525,0.008901886862308512,,,192.6994235187514,192.6994235187514,350.0,True,False,True,,,
SIM_DIR-1784865603,SIM_DIR,capstone_iii_full,full,23,23,226.0,0.0,0.0,1.0,171.96472477247755,171.95582288561525,0.008901886862308512,,,197.85809820531983,197.85809820531983,350.0,True,False,True,,,
SIM_DIR-1784865603,SIM_DIR,baseline,,24,24,226.0,0.0,0.0,1.0,172.46364298309086,172.45474109622856,0.008901886862308512,250.07228232548175,224.20273587801813,,224.20273587801813,,True,False,True,,,
SIM_DIR-1784865603,SIM_DIR,capstone_i,,24,24,226.0,0.0,0.0,1.0,172.46364298309086,172.45474109622856,0.008901886862308512,250.07228232548175,224.20273587801813,,224.20273587801813,350.0,True,False,True,,,
SIM_DIR-1784865603,SIM_DIR,capstone_ii,,24,24,226.0,0.0,0.0,1.0,172.46364298309086,172.45474109622856,0.008901886862308512,223.08764298309086,204.10364298309085,,204.10364298309085,350.0,True,False,True,,,
SIM_DIR-1784865603,SIM_DIR,capstone_iii_fit_1x,fit_1x,24,24,226.0,0.0,0.0,1.0,172.46364298309086,172.45474109622856,0.008901886862308512,,,181.1863800379023,181.1863800379023,350.0,True,False,True,,,
SIM_DIR-1784865603,SIM_DIR,capstone_iii_fit_2x,fit_2x,24,24,226.0,0.0,0.0,1.0,172.46364298309086,172.45474109622856,0.008901886862308512,,,189.8091170927137,189.8091170927137,350.0,True,False,True,,,
SIM_DIR-1784865603,SIM_DIR,capstone_iii_fit_activity,fit_activity,24,24,226.0,0.0,0.0,1.0,172.46364298309086,172.45474109622856,0.008901886862308512,,,188.08456968175145,188.08456968175145,350.0,True,False,True,,,
SIM_DIR-1784865603,SIM_DIR,capstone_iii_fit_activity_pvt,fit_activity_pvt,24,24,226.0,0.0,0.0,1.0,172.46364298309086,172.45474109622856,0.008901886862308512,,,193.25821191463828,193.25821191463828,350.0,True,False,True,,,
SIM_DIR-1784865603,SIM_DIR,capstone_iii_full,full,24,24,226.0,0.0,0.0,1.0,172.46364298309086,172.45474109622856,0.008901886862308512,,,198.43185414752514,198.43185414752514,350.0,True,False,True,,,
SIM_DIR-1784865603,SIM_DIR,baseline,,25,25,232.0,0.0,0.0,1.0,177.55355832214448,177.54465643528218,0.008901886862308512,257.4526595671095,230.81962581878784,,230.81962581878784,,True,False,True,,,
SIM_DIR-1784865603,SIM_DIR,capstone_i,,25,25,232.0,0.0,0.0,1.0,177.55355832214448,177.54465643528218,0.008901886862308512,257.4526595671095,230.81962581878784,,230.81962581878784,350.0,True,False,True,,,
SIM_DIR-1784865603,SIM_DIR,capstone_ii,,25,25,232.0,0.0,0.0,1.0,177.55355832214448,177.54465643528218,0.008901886862308512,229.52155832214447,210.03355832214447,,210.03355832214447,350.0,True,False,True,,,
SIM_DIR-1784865603,SIM_DIR,capstone_iii_fit_1x,fit_1x,25,25,232.0,0.0,0.0,1.0,177.55355832214448,177.54465643528218,0.008901886862308512,,,186.53079114390857,186.53079114390857,350.0,True,False,True,,,
SIM_DIR-1784865603,SIM_DIR,capstone_iii_fit_2x,fit_2x,25,25,232.0,0.0,0.0,1.0,177.55355832214448,177.54465643528218,0.008901886862308512,,,195.4080239656727,195.4080239656727,350.0,True,False,True,,,
SIM_DIR-1784865603,SIM_DIR,capstone_iii_fit_activity,fit_activity,25,25,232.0,0.0,0.0,1.0,177.55355832214448,177.54465643528218,0.008901886862308512,,,193.63257740131988,193.63257740131988,350.0,True,False,True,,,
SIM_DIR-1784865603,SIM_DIR,capstone_iii_fit_activity_pvt,fit_activity_pvt,25,25,232.0,0.0,0.0,1.0,177.55355832214448,177.54465643528218,0.008901886862308512,,,198.95891709437834,198.95891709437834,350.0,True,False,True,,,
SIM_DIR-1784865603,SIM_DIR,capstone_iii_full,full,25,25,232.0,0.0,0.0,1.0,177.55355832214448,177.54465643528218,0.008901886862308512,,,204.2852567874368,204.2852567874368,350.0,True,False,True,,,
SIM_DIR-1784865603,SIM_DIR,baseline,,26,26,234.0,0.0,0.0,1.0,179.5993066829423,179.59040479608,0.008901886862308512,260.41899469026635,233.479098687825,,233.479098687825,,True,False,True,,,
SIM_DIR-1784865603,SIM_DIR,capstone_i,,26,26,234.0,0.0,0.0,1.0,179.5993066829423,179.59040479608,0.008901886862308512,260.41899469026635,233.479098687825,,233.479098687825,350.0,True,False,True,,,
SIM_DIR-1784865603,SIM_DIR,capstone_ii,,26,26,234.0,0.0,0.0,1.0,179.5993066829423,179.59040479608,0.008901886862308512,232.0153066829423,212.3593066829423,,212.3593066829423,350.0,True,False,True,,,
SIM_DIR-1784865603,SIM_DIR,capstone_iii_fit_1x,fit_1x,26,26,234.0,0.0,0.0,1.0,179.5993066829423,179.59040479608,0.008901886862308512,,,188.6788269227463,188.6788269227463,350.0,True,False,True,,,
SIM_DIR-1784865603,SIM_DIR,capstone_iii_fit_2x,fit_2x,26,26,234.0,0.0,0.0,1.0,179.5993066829423,179.59040479608,0.008901886862308512,,,197.6583471625503,197.6583471625503,350.0,True,False,True,,,
SIM_DIR-1784865603,SIM_DIR,capstone_iii_fit_activity,fit_activity,26,26,234.0,0.0,0.0,1.0,179.5993066829423,179.59040479608,0.008901886862308512,,,195.86244311458952,195.86244311458952,350.0,True,False,True,,,
SIM_DIR-1784865603,SIM_DIR,capstone_iii_fit_activity_pvt,fit_activity_pvt,26,26,234.0,0.0,0.0,1.0,179.5993066829423,179.59040479608,0.008901886862308512,,,201.25015525847192,201.25015525847192,350.0,True,False,True,,,
SIM_DIR-1784865603,SIM_DIR,capstone_iii_full,full,26,26,234.0,0.0,0.0,1.0,179.5993066829423,179.59040479608,0.008901886862308512,,,206.63786740235432,206.63786740235432,350.0,True,False,True,,,
SIM_DIR-1784865603,SIM_DIR,baseline,,27,27,235.0,0.0,0.0,1.0,180.88349725886647,180.87459537200417,0.008901886862308512,262.28107102535637,235.14854643652643,,235.14854643652643,,True,False,True,,,
SIM_DIR-1784865603,SIM_DIR,capstone_i,,27,27,235.0,0.0,0.0,1.0,180.88349725886647,180.87459537200417,0.008901886862308512,262.28107102535637,235.14854643652643,,235.14854643652643,350.0,True,False,True,,,
SIM_DIR-1784865603,SIM_DIR,capstone_ii,,27,27,235.0,0.0,0.0,1.0,180.88349725886647,180.87459537200417,0.008901886862308512,233.52349725886648,213.78349725886648,,213.78349725886648,350.0,True,False,True,,,
SIM_DIR-1784865603,SIM_DIR,capstone_iii_fit_1x,fit_1x,27,27,235.0,0.0,0.0,1.0,180.88349725886647,180.87459537200417,0.008901886862308512,,,190.02722702746667,190.02722702746667,350.0,True,False,True,,,
SIM_DIR-1784865603,SIM_DIR,capstone_iii_fit_2x,fit_2x,27,27,235.0,0.0,0.0,1.0,180.88349725886647,180.87459537200417,0.008901886862308512,,,199.07095679606687,199.07095679606687,350.0,True,False,True,,,
SIM_DIR-1784865603,SIM_DIR,capstone_iii_fit_activity,fit_activity,27,27,235.0,0.0,0.0,1.0,180.88349725886647,180.87459537200417,0.008901886862308512,,,197.26221084234683,197.26221084234683,350.0,True,False,True,,,
SIM_DIR-1784865603,SIM_DIR,capstone_iii_fit_activity_pvt,fit_activity_pvt,27,27,235.0,0.0,0.0,1.0,180.88349725886647,180.87459537200417,0.008901886862308512,,,202.68844870350696,202.68844870350696,350.0,True,False,True,,,
SIM_DIR-1784865603,SIM_DIR,capstone_iii_full,full,27,27,235.0,0.0,0.0,1.0,180.88349725886647,180.87459537200417,0.008901886862308512,,,208.11468656466707,208.11468656466707,350.0,True,False,True,,,
SIM_DIR-1784865603,SIM_DIR,baseline,,28,28,237.0,0.0,0.0,1.0,182.94328458672283,182.93438269986052,0.008901886862308512,265.26776265074807,237.82626996273967,,237.82626996273967,,True,False,True,,,
SIM_DIR-1784865603,SIM_DIR,capstone_i,,28,28,237.0,0.0,0.0,1.0,182.94328458672283,182.93438269986052,0.008901886862308512,265.26776265074807,237.82626996273967,,237.82626996273967,350.0,True,False,True,,,
SIM_DIR-1784865603,SIM_DIR,capstone_ii,,28,28,237.0,0.0,0.0,1.0,182.94328458672283,182.93438269986052,0.008901886862308512,236.03128458672282,216.12328458672283,,216.12328458672283,350.0,True,False,True,,,
SIM_DIR-1784865603,SIM_DIR,capstone_iii_fit_1x,fit_1x,28,28,237.0,0.0,0.0,1.0,182.94328458672283,182.93438269986052,0.008901886862308512,,,192.1900037217158,192.1900037217158,350.0,True,False,True,,,
SIM_DIR-1784865603,SIM_DIR,capstone_iii_fit_2x,fit_2x,28,28,237.0,0.0,0.0,1.0,182.94328458672283,182.93438269986052,0.008901886862308512,,,201.33672285670886,201.33672285670886,350.0,True,False,True,,,
SIM_DIR-1784865603,SIM_DIR,capstone_iii_fit_activity,fit_activity,28,28,237.0,0.0,0.0,1.0,182.94328458672283,182.93438269986052,0.008901886862308512,,,199.50737902971025,199.50737902971025,350.0,True,False,True,,,
SIM_DIR-1784865603,SIM_DIR,capstone_iii_fit_activity_pvt,fit_activity_pvt,28,28,237.0,0.0,0.0,1.0,182.94328458672283,182.93438269986052,0.008901886862308512,,,204.99541051070608,204.99541051070608,350.0,True,False,True,,,
SIM_DIR-1784865603,SIM_DIR,capstone_iii_full,full,28,28,237.0,0.0,0.0,1.0,182.94328458672283,182.93438269986052,0.008901886862308512,,,210.48344199170188,210.48344199170188,350.0,True,False,True,,,
SIM_DIR-1784865603,SIM_DIR,baseline,,29,29,237.0,0.0,0.0,1.0,183.46304438073975,183.45414249387744,0.008901886862308512,266.0214143520726,238.50195769496167,,238.50195769496167,,True,False,True,,,
SIM_DIR-1784865603,SIM_DIR,capstone_i,,29,29,237.0,0.0,0.0,1.0,183.46304438073975,183.45414249387744,0.008901886862308512,266.0214143520726,238.50195769496167,,238.50195769496167,350.0,True,False,True,,,
SIM_DIR-1784865603,SIM_DIR,capstone_ii,,29,29,237.0,0.0,0.0,1.0,183.46304438073975,183.45414249387744,0.008901886862308512,236.55104438073974,216.64304438073975,,216.64304438073975,350.0,True,False,True,,,
SIM_DIR-1784865603,SIM_DIR,capstone_iii_fit_1x,fit_1x,29,29,237.0,0.0,0.0,1.0,183.46304438073975,183.45414249387744,0.008901886862308512,,,192.7357515054336,192.7357515054336,350.0,True,False,True,,,
SIM_DIR-1784865603,SIM_DIR,capstone_iii_fit_2x,fit_2x,29,29,237.0,0.0,0.0,1.0,183.46304438073975,183.45414249387744,0.008901886862308512,,,201.90845863012748,201.90845863012748,350.0,True,False,True,,,
SIM_DIR-1784865603,SIM_DIR,capstone_iii_fit_activity,fit_activity,29,29,237.0,0.0,0.0,1.0,183.46304438073975,183.45414249387744,0.008901886862308512,,,200.0739172051887,200.0739172051887,350.0,True,False,True,,,
SIM_DIR-1784865603,SIM_DIR,capstone_iii_fit_activity_pvt,fit_activity_pvt,29,29,237.0,0.0,0.0,1.0,183.46304438073975,183.45414249387744,0.008901886862308512,,,205.57754148000504,205.57754148000504,350.0,True,False,True,,,
SIM_DIR-1784865603,SIM_DIR,capstone_iii_full,full,29,29,237.0,0.0,0.0,1.0,183.46304438073975,183.45414249387744,0.008901886862308512,,,211.08116575482134,211.08116575482134,350.0,True,False,True,,,
SIM_DIR-1784865603,SIM_DIR,baseline,,30,30,241.0,0.0,0.0,1.0,187.08717776762785,187.07827588076555,0.008901886862308512,271.2764077630604,243.2133310979162,,243.2133310979162,,True,False,True,,,
SIM_DIR-1784865603,SIM_DIR,capstone_i,,30,30,241.0,0.0,0.0,1.0,187.08717776762785,187.07827588076555,0.008901886862308512,271.2764077630604,243.2133310979162,,243.2133310979162,350.0,True,False,True,,,
SIM_DIR-1784865603,SIM_DIR,capstone_ii,,30,30,241.0,0.0,0.0,1.0,187.08717776762785,187.07827588076555,0.008901886862308512,241.07117776762786,220.82717776762786,,220.82717776762786,350.0,True,False,True,,,
SIM_DIR-1784865603,SIM_DIR,capstone_iii_fit_1x,fit_1x,30,30,241.0,0.0,0.0,1.0,187.08717776762785,187.07827588076555,0.008901886862308512,,,196.54109156166612,196.54109156166612,350.0,True,False,True,,,
SIM_DIR-1784865603,SIM_DIR,capstone_iii_fit_2x,fit_2x,30,30,241.0,0.0,0.0,1.0,187.08717776762785,187.07827588076555,0.008901886862308512,,,205.8950053557044,205.8950053557044,350.0,True,False,True,,,
SIM_DIR-1784865603,SIM_DIR,capstone_iii_fit_activity,fit_activity,30,30,241.0,0.0,0.0,1.0,187.08717776762785,187.07827588076555,0.008901886862308512,,,204.02422259689678,204.02422259689678,350.0,True,False,True,,,
SIM_DIR-1784865603,SIM_DIR,capstone_iii_fit_activity_pvt,fit_activity_pvt,30,30,241.0,0.0,0.0,1.0,187.08717776762785,187.07827588076555,0.008901886862308512,,,209.63657087331973,209.63657087331973,350.0,True,False,True,,,
SIM_DIR-1784865603,SIM_DIR,capstone_iii_full,full,30,30,241.0,0.0,0.0,1.0,187.08717776762785,187.07827588076555,0.008901886862308512,,,215.24891914974268,215.24891914974268,350.0,True,False,True,,,
SIM_DIR-1784865603,SIM_DIR,baseline,,31,31,242.0,0.0,0.0,1.0,188.3928227314343,188.383920844572,0.008901886862308512,273.16959296057973,244.9106695508646,,244.9106695508646,,True,False,True,,,
SIM_DIR-1784865603,SIM_DIR,capstone_i,,31,31,242.0,0.0,0.0,1.0,188.3928227314343,188.383920844572,0.008901886862308512,273.16959296057973,244.9106695508646,,244.9106695508646,350.0,True,False,True,,,
SIM_DIR-1784865603,SIM_DIR,capstone_ii,,31,31,242.0,0.0,0.0,1.0,188.3928227314343,188.383920844572,0.008901886862308512,242.6008227314343,222.2728227314343,,222.2728227314343,350.0,True,False,True,,,
SIM_DIR-1784865603,SIM_DIR,capstone_iii_fit_1x,fit_1x,31,31,242.0,0.0,0.0,1.0,188.3928227314343,188.383920844572,0.008901886862308512,,,197.91201877366288,197.91201877366288,350.0,True,False,True,,,
SIM_DIR-1784865603,SIM_DIR,capstone_iii_fit_2x,fit_2x,31,31,242.0,0.0,0.0,1.0,188.3928227314343,188.383920844572,0.008901886862308512,,,207.33121481589149,207.33121481589149,350.0,True,False,True,,,
SIM_DIR-1784865603,SIM_DIR,capstone_iii_fit_activity,fit_activity,31,31,242.0,0.0,0.0,1.0,188.3928227314343,188.383920844572,0.008901886862308512,,,205.4473756074458,205.4473756074458,350.0,True,False,True,,,
SIM_DIR-1784865603,SIM_DIR,capstone_iii_fit_activity_pvt,fit_activity_pvt,31,31,242.0,0.0,0.0,1.0,188.3928227314343,188.383920844572,0.008901886862308512,,,211.09889323278296,211.09889323278296,350.0,True,False,True,,,
SIM_DIR-1784865603,SIM_DIR,capstone_iii_full,full,31,31,242.0,0.0,0.0,1.0,188.3928227314343,188.383920844572,0.008901886862308512,,,216.75041085812012,216.75041085812012,350.0,True,False,True,,,
SIM_DIR-1784865603,SIM_DIR,baseline,,32,32,244.0,0.0,0.0,1.0,190.4828153230404,190.4739134361781,0.008901886862308512,276.20008221840857,247.62765991995252,,247.62765991995252,,True,False,True,,,
SIM_DIR-1784865603,SIM_DIR,capstone_i,,32,32,244.0,0.0,0.0,1.0,190.4828153230404,190.4739134361781,0.008901886862308512,276.20008221840857,247.62765991995252,,247.62765991995252,350.0,True,False,True,,,
SIM_DIR-1784865603,SIM_DIR,capstone_ii,,32,32,244.0,0.0,0.0,1.0,190.4828153230404,190.4739134361781,0.008901886862308512,245.1388153230404,224.6428153230404,,224.6428153230404,350.0,True,False,True,,,
SIM_DIR-1784865603,SIM_DIR,capstone_iii_fit_1x,fit_1x,32,32,244.0,0.0,0.0,1.0,190.4828153230404,190.4739134361781,0.008901886862308512,,,200.1065109948493,200.1065109948493,350.0,True,False,True,,,
SIM_DIR-1784865603,SIM_DIR,capstone_iii_fit_2x,fit_2x,32,32,244.0,0.0,0.0,1.0,190.4828153230404,190.4739134361781,0.008901886862308512,,,209.63020666665818,209.63020666665818,350.0,True,False,True,,,
SIM_DIR-1784865603,SIM_DIR,capstone_iii_fit_activity,fit_activity,32,32,244.0,0.0,0.0,1.0,190.4828153230404,190.4739134361781,0.008901886862308512,,,207.72546753229642,207.72546753229642,350.0,True,False,True,,,
SIM_DIR-1784865603,SIM_DIR,capstone_iii_fit_activity_pvt,fit_activity_pvt,32,32,244.0,0.0,0.0,1.0,190.4828153230404,190.4739134361781,0.008901886862308512,,,213.43968493538176,213.43968493538176,350.0,True,False,True,,,
SIM_DIR-1784865603,SIM_DIR,capstone_iii_full,full,32,32,244.0,0.0,0.0,1.0,190.4828153230404,190.4739134361781,0.008901886862308512,,,219.1539023384671,219.1539023384671,350.0,True,False,True,,,
SIM_DIR-1784865603,SIM_DIR,baseline,,33,33,246.0,0.0,0.0,1.0,192.58089000433046,192.57198811746815,0.008901886862308512,279.2422905062792,250.3551570056296,,250.3551570056296,,True,False,True,,,
SIM_DIR-1784865603,SIM_DIR,capstone_i,,33,33,246.0,0.0,0.0,1.0,192.58089000433046,192.57198811746815,0.008901886862308512,279.2422905062792,250.3551570056296,,250.3551570056296,350.0,True,False,True,,,
SIM_DIR-1784865603,SIM_DIR,capstone_ii,,33,33,246.0,0.0,0.0,1.0,192.58089000433046,192.57198811746815,0.008901886862308512,247.68489000433044,227.02089000433045,,227.02089000433045,350.0,True,False,True,,,
SIM_DIR-1784865603,SIM_DIR,capstone_iii_fit_1x,fit_1x,33,33,246.0,0.0,0.0,1.0,192.58089000433046,192.57198811746815,0.008901886862308512,,,202.30948941020387,202.30948941020387,350.0,True,False,True,,,
SIM_DIR-1784865603,SIM_DIR,capstone_iii_fit_2x,fit_2x,33,33,246.0,0.0,0.0,1.0,192.58089000433046,192.57198811746815,0.008901886862308512,,,211.93808881607725,211.93808881607725,350.0,True,False,True,,,
SIM_DIR-1784865603,SIM_DIR,capstone_iii_fit_activity,fit_activity,33,33,246.0,0.0,0.0,1.0,192.58089000433046,192.57198811746815,0.008901886862308512,,,210.01236893490258,210.01236893490258,350.0,True,False,True,,,
SIM_DIR-1784865603,SIM_DIR,capstone_iii_fit_activity_pvt,fit_activity_pvt,33,33,246.0,0.0,0.0,1.0,192.58089000433046,192.57198811746815,0.008901886862308512,,,215.78952857842663,215.78952857842663,350.0,True,False,True,,,
SIM_DIR-1784865603,SIM_DIR,capstone_iii_full,full,33,33,246.0,0.0,0.0,1.0,192.58089000433046,192.57198811746815,0.008901886862308512,,,221.56668822195067,221.56668822195067,350.0,True,False,True,,,
SIM_DIR-1784865603,SIM_DIR,baseline,,34,34,246.0,0.0,0.0,1.0,193.1170548047466,193.1081529178843,0.008901886862308512,280.01972946688255,251.0521712461706,,251.0521712461706,,True,False,True,,,
SIM_DIR-1784865603,SIM_DIR,capstone_i,,34,34,246.0,0.0,0.0,1.0,193.1170548047466,193.1081529178843,0.008901886862308512,280.01972946688255,251.0521712461706,,251.0521712461706,350.0,True,False,True,,,
SIM_DIR-1784865603,SIM_DIR,capstone_ii,,34,34,246.0,0.0,0.0,1.0,193.1170548047466,193.1081529178843,0.008901886862308512,248.2210548047466,227.5570548047466,,227.5570548047466,350.0,True,False,True,,,
SIM_DIR-1784865603,SIM_DIR,capstone_iii_fit_1x,fit_1x,34,34,246.0,0.0,0.0,1.0,193.1170548047466,193.1081529178843,0.008901886862308512,,,202.87246245064082,202.87246245064082,350.0,True,False,True,,,
SIM_DIR-1784865603,SIM_DIR,capstone_iii_fit_2x,fit_2x,34,34,246.0,0.0,0.0,1.0,193.1170548047466,193.1081529178843,0.008901886862308512,,,212.52787009653503,212.52787009653503,350.0,True,False,True,,,
SIM_DIR-1784865603,SIM_DIR,capstone_iii_fit_activity,fit_activity,34,34,246.0,0.0,0.0,1.0,193.1170548047466,193.1081529178843,0.008901886862308512,,,210.5967885673562,210.5967885673562,350.0,True,False,True,,,
SIM_DIR-1784865603,SIM_DIR,capstone_iii_fit_activity_pvt,fit_activity_pvt,34,34,246.0,0.0,0.0,1.0,193.1170548047466,193.1081529178843,0.008901886862308512,,,216.3900331548927,216.3900331548927,350.0,True,False,True,,,
SIM_DIR-1784865603,SIM_DIR,capstone_iii_full,full,34,34,246.0,0.0,0.0,1.0,193.1170548047466,193.1081529178843,0.008901886862308512,,,222.18327774242925,222.18327774242925,350.0,True,False,True,,,
SIM_DIR-1784865603,SIM_DIR,baseline,,35,35,249.0,0.0,0.0,1.0,196.01408840393046,196.00518651706815,0.008901886862308512,284.2204281856992,254.8183149251096,,254.8183149251096,,True,False,True,,,
SIM_DIR-1784865603,SIM_DIR,capstone_i,,35,35,249.0,0.0,0.0,1.0,196.01408840393046,196.00518651706815,0.008901886862308512,284.2204281856992,254.8183149251096,,254.8183149251096,350.0,True,False,True,,,
SIM_DIR-1784865603,SIM_DIR,capstone_ii,,35,35,249.0,0.0,0.0,1.0,196.01408840393046,196.00518651706815,0.008901886862308512,251.79008840393047,230.87408840393044,,230.87408840393044,350.0,True,False,True,,,
SIM_DIR-1784865603,SIM_DIR,capstone_iii_fit_1x,fit_1x,35,35,249.0,0.0,0.0,1.0,196.01408840393046,196.00518651706815,0.008901886862308512,,,205.91434772978386,205.91434772978386,350.0,True,False,True,,,
SIM_DIR-1784865603,SIM_DIR,capstone_iii_fit_2x,fit_2x,35,35,249.0,0.0,0.0,1.0,196.01408840393046,196.00518651706815,0.008901886862308512,,,215.71460705563726,215.71460705563726,350.0,True,False,True,,,
SIM_DIR-1784865603,SIM_DIR,capstone_iii_fit_activity,fit_activity,35,35,249.0,0.0,0.0,1.0,196.01408840393046,196.00518651706815,0.008901886862308512,,,213.7545551904666,213.7545551904666,350.0,True,False,True,,,
SIM_DIR-1784865603,SIM_DIR,capstone_iii_fit_activity_pvt,fit_activity_pvt,35,35,249.0,0.0,0.0,1.0,196.01408840393046,196.00518651706815,0.008901886862308512,,,219.63471078597863,219.63471078597863,350.0,True,False,True,,,
SIM_DIR-1784865603,SIM_DIR,capstone_iii_full,full,35,35,249.0,0.0,0.0,1.0,196.01408840393046,196.00518651706815,0.008901886862308512,,,225.51486638149066,225.51486638149066,350.0,True,False,True,,,
SIM_DIR-1784865603,SIM_DIR,baseline,,36,36,249.0,0.0,0.0,1.0,196.55550604171438,196.54660415485208,0.008901886862308512,285.00548376048584,255.5221578542287,,255.5221578542287,,True,False,True,,,
SIM_DIR-1784865603,SIM_DIR,capstone_i,,36,36,249.0,0.0,0.0,1.0,196.55550604171438,196.54660415485208,0.008901886862308512,285.00548376048584,255.5221578542287,,255.5221578542287,350.0,True,False,True,,,
SIM_DIR-1784865603,SIM_DIR,capstone_ii,,36,36,249.0,0.0,0.0,1.0,196.55550604171438,196.54660415485208,0.008901886862308512,252.3315060417144,231.41550604171437,,231.41550604171437,350.0,True,False,True,,,
SIM_DIR-1784865603,SIM_DIR,capstone_iii_fit_1x,fit_1x,36,36,249.0,0.0,0.0,1.0,196.55550604171438,196.54660415485208,0.008901886862308512,,,206.482836249457,206.482836249457,350.0,True,False,True,,,
SIM_DIR-1784865603,SIM_DIR,capstone_iii_fit_2x,fit_2x,36,36,249.0,0.0,0.0,1.0,196.55550604171438,196.54660415485208,0.008901886862308512,,,216.31016645719959,216.31016645719959,350.0,True,False,True,,,
SIM_DIR-1784865603,SIM_DIR,capstone_iii_fit_activity,fit_activity,36,36,249.0,0.0,0.0,1.0,196.55550604171438,196.54660415485208,0.008901886862308512,,,214.34470041565106,214.34470041565106,350.0,True,False,True,,,
SIM_DIR-1784865603,SIM_DIR,capstone_iii_fit_activity_pvt,fit_activity_pvt,36,36,249.0,0.0,0.0,1.0,196.55550604171438,196.54660415485208,0.008901886862308512,,,220.24109854029663,220.24109854029663,350.0,True,False,True,,,
SIM_DIR-1784865603,SIM_DIR,capstone_iii_full,full,36,36,249.0,0.0,0.0,1.0,196.55550604171438,196.54660415485208,0.008901886862308512,,,226.13749666494218,226.13749666494218,350.0,True,False,True,,,
SIM_DIR-1784865603,SIM_DIR,baseline,,37,37,255.0,0.0,0.0,1.0,201.84538761564264,201.83648572878033,0.008901886862308512,292.6758120426818,262.39900390033546,,262.39900390033546,,True,False,True,,,
SIM_DIR-1784865603,SIM_DIR,capstone_i,,37,37,255.0,0.0,0.0,1.0,201.84538761564264,201.83648572878033,0.008901886862308512,292.6758120426818,262.39900390033546,,262.39900390033546,350.0,True,False,True,,,
SIM_DIR-1784865603,SIM_DIR,capstone_ii,,37,37,255.0,0.0,0.0,1.0,201.84538761564264,201.83648572878033,0.008901886862308512,258.9653876156426,237.54538761564262,,237.54538761564262,350.0,True,False,True,,,
SIM_DIR-1784865603,SIM_DIR,capstone_iii_fit_1x,fit_1x,37,37,255.0,0.0,0.0,1.0,201.84538761564264,201.83648572878033,0.008901886862308512,,,212.03721190208168,212.03721190208168,350.0,True,False,True,,,
SIM_DIR-1784865603,SIM_DIR,capstone_iii_fit_2x,fit_2x,37,37,255.0,0.0,0.0,1.0,201.84538761564264,201.83648572878033,0.008901886862308512,,,222.12903618852067,222.12903618852067,350.0,True,False,True,,,
SIM_DIR-1784865603,SIM_DIR,capstone_iii_fit_activity,fit_activity,37,37,255.0,0.0,0.0,1.0,201.84538761564264,201.83648572878033,0.008901886862308512,,,220.11067133123288,220.11067133123288,350.0,True,False,True,,,
SIM_DIR-1784865603,SIM_DIR,capstone_iii_fit_activity_pvt,fit_activity_pvt,37,37,255.0,0.0,0.0,1.0,201.84538761564264,201.83648572878033,0.008901886862308512,,,226.1657659030963,226.1657659030963,350.0,True,False,True,,,
SIM_DIR-1784865603,SIM_DIR,capstone_iii_full,full,37,37,255.0,0.0,0.0,1.0,201.84538761564264,201.83648572878033,0.008901886862308512,,,232.2208604749597,232.2208604749597,350.0,True,False,True,,,
SIM_DIR-1784865603,SIM_DIR,baseline,,38,38,257.0,0.0,0.0,1.0,203.98594006896175,203.97703818209945,0.008901886862308512,295.77961309999455,265.1817220896503,,265.1817220896503,,True,False,True,,,
SIM_DIR-1784865603,SIM_DIR,capstone_i,,38,38,257.0,0.0,0.0,1.0,203.98594006896175,203.97703818209945,0.008901886862308512,295.77961309999455,265.1817220896503,,265.1817220896503,350.0,True,False,True,,,
SIM_DIR-1784865603,SIM_DIR,capstone_ii,,38,38,257.0,0.0,0.0,1.0,203.98594006896175,203.97703818209945,0.008901886862308512,261.55394006896177,239.96594006896174,,239.96594006896174,350.0,True,False,True,,,
SIM_DIR-1784865603,SIM_DIR,capstone_iii_fit_1x,fit_1x,38,38,257.0,0.0,0.0,1.0,203.98594006896175,203.97703818209945,0.008901886862308512,,,214.28479197806672,214.28479197806672,350.0,True,False,True,,,
SIM_DIR-1784865603,SIM_DIR,capstone_iii_fit_2x,fit_2x,38,38,257.0,0.0,0.0,1.0,203.98594006896175,203.97703818209945,0.008901886862308512,,,224.48364388717167,224.48364388717167,350.0,True,False,True,,,
SIM_DIR-1784865603,SIM_DIR,capstone_iii_fit_activity,fit_activity,38,38,257.0,0.0,0.0,1.0,203.98594006896175,203.97703818209945,0.008901886862308512,,,222.4438735053507,222.4438735053507,350.0,True,False,True,,,
SIM_DIR-1784865603,SIM_DIR,capstone_iii_fit_activity_pvt,fit_activity_pvt,38,38,257.0,0.0,0.0,1.0,203.98594006896175,203.97703818209945,0.008901886862308512,,,228.56318465081367,228.56318465081367,350.0,True,False,True,,,
SIM_DIR-1784865603,SIM_DIR,capstone_iii_full,full,38,38,257.0,0.0,0.0,1.0,203.98594006896175,203.97703818209945,0.008901886862308512,,,234.68249579627667,234.68249579627667,350.0,True,False,True,,,
SIM_DIR-1784865603,SIM_DIR,baseline,,39,39,259.0,0.0,0.0,1.0,206.1345322965223,206.12563040966,0.008901886862308512,298.8950718299573,267.974891985479,,267.974891985479,,True,False,True,,,
SIM_DIR-1784865603,SIM_DIR,capstone_i,,39,39,259.0,0.0,0.0,1.0,206.1345322965223,206.12563040966,0.008901886862308512,298.8950718299573,267.974891985479,,267.974891985479,350.0,True,False,True,,,
SIM_DIR-1784865603,SIM_DIR,capstone_ii,,39,39,259.0,0.0,0.0,1.0,206.1345322965223,206.12563040966,0.008901886862308512,264.15053229652233,242.3945322965223,,242.3945322965223,350.0,True,False,True,,,
SIM_DIR-1784865603,SIM_DIR,capstone_iii_fit_1x,fit_1x,39,39,259.0,0.0,0.0,1.0,206.1345322965223,206.12563040966,0.008901886862308512,,,216.54081381700533,216.54081381700533,350.0,True,False,True,,,
SIM_DIR-1784865603,SIM_DIR,capstone_iii_fit_2x,fit_2x,39,39,259.0,0.0,0.0,1.0,206.1345322965223,206.12563040966,0.008901886862308512,,,226.8470953374883,226.8470953374883,350.0,True,False,True,,,
SIM_DIR-1784865603,SIM_DIR,capstone_iii_fit_activity,fit_activity,39,39,259.0,0.0,0.0,1.0,206.1345322965223,206.12563040966,0.008901886862308512,,,224.7858390333917,224.7858390333917,350.0,True,False,True,,,
SIM_DIR-1784865603,SIM_DIR,capstone_iii_fit_activity_pvt,fit_activity_pvt,39,39,259.0,0.0,0.0,1.0,206.1345322965223,206.12563040966,0.008901886862308512,,,230.96960794568153,230.96960794568153,350.0,True,False,True,,,
SIM_DIR-1784865603,SIM_DIR,capstone_iii_full,full,39,39,259.0,0.0,0.0,1.0,206.1345322965223,206.12563040966,0.008901886862308512,,,237.15337685797132,237.15337685797132,350.0,True,False,True,,,
SIM_DIR-1784865603,SIM_DIR,baseline,,40,40,262.0,0.0,0.0,1.0,209.0891744616364,209.08027257477409,0.008901886862308512,303.17930296937277,271.81592680012733,,271.81592680012733,,True,False,True,,,
SIM_DIR-1784865603,SIM_DIR,capstone_i,,40,40,262.0,0.0,0.0,1.0,209.0891744616364,209.08027257477409,0.008901886862308512,303.17930296937277,271.81592680012733,,271.81592680012733,350.0,True,False,True,,,
SIM_DIR-1784865603,SIM_DIR,capstone_ii,,40,40,262.0,0.0,0.0,1.0,209.0891744616364,209.08027257477409,0.008901886862308512,267.7771744616364,245.7691744616364,,245.7691744616364,350.0,True,False,True,,,
SIM_DIR-1784865603,SIM_DIR,capstone_iii_fit_1x,fit_1x,40,40,262.0,0.0,0.0,1.0,209.0891744616364,209.08027257477409,0.008901886862308512,,,219.6431880903751,219.6431880903751,350.0,True,False,True,,,
SIM_DIR-1784865603,SIM_DIR,capstone_iii_fit_2x,fit_2x,40,40,262.0,0.0,0.0,1.0,209.0891744616364,209.08027257477409,0.008901886862308512,,,230.09720171911383,230.09720171911383,350.0,True,False,True,,,
SIM_DIR-1784865603,SIM_DIR,capstone_iii_fit_activity,fit_activity,40,40,262.0,0.0,0.0,1.0,209.0891744616364,209.08027257477409,0.008901886862308512,,,228.00639899336608,228.00639899336608,350.0,True,False,True,,,
SIM_DIR-1784865603,SIM_DIR,capstone_iii_fit_activity_pvt,fit_activity_pvt,40,40,262.0,0.0,0.0,1.0,209.0891744616364,209.08027257477409,0.008901886862308512,,,234.27880717060927,234.27880717060927,350.0,True,False,True,,,
SIM_DIR-1784865603,SIM_DIR,capstone_iii_full,full,40,40,262.0,0.0,0.0,1.0,209.0891744616364,209.08027257477409,0.008901886862308512,,,240.5512153478525,240.5512153478525,350.0,True,False,True,,,
SIM_DIR-1784865603,SIM_DIR,baseline,,41,41,263.0,0.0,0.0,1.0,210.45581162312143,210.44690973625913,0.008901886862308512,305.16092685352606,273.5925551100579,,273.5925551100579,,True,False,True,,,
SIM_DIR-1784865603,SIM_DIR,capstone_i,,41,41,263.0,0.0,0.0,1.0,210.45581162312143,210.44690973625913,0.008901886862308512,305.16092685352606,273.5925551100579,,273.5925551100579,350.0,True,False,True,,,
SIM_DIR-1784865603,SIM_DIR,capstone_ii,,41,41,263.0,0.0,0.0,1.0,210.45581162312143,210.44690973625913,0.008901886862308512,269.36781162312144,247.27581162312143,,247.27581162312143,350.0,True,False,True,,,
SIM_DIR-1784865603,SIM_DIR,capstone_iii_fit_1x,fit_1x,41,41,263.0,0.0,0.0,1.0,210.45581162312143,210.44690973625913,0.008901886862308512,,,221.0781571099344,221.0781571099344,350.0,True,False,True,,,
SIM_DIR-1784865603,SIM_DIR,capstone_iii_fit_2x,fit_2x,41,41,263.0,0.0,0.0,1.0,210.45581162312143,210.44690973625913,0.008901886862308512,,,231.60050259674736,231.60050259674736,350.0,True,False,True,,,
SIM_DIR-1784865603,SIM_DIR,capstone_iii_fit_activity,fit_activity,41,41,263.0,0.0,0.0,1.0,210.45581162312143,210.44690973625913,0.008901886862308512,,,229.49603349938477,229.49603349938477,350.0,True,False,True,,,
SIM_DIR-1784865603,SIM_DIR,capstone_iii_fit_activity_pvt,fit_activity_pvt,41,41,263.0,0.0,0.0,1.0,210.45581162312143,210.44690973625913,0.008901886862308512,,,235.80944079147253,235.80944079147253,350.0,True,False,True,,,
SIM_DIR-1784865603,SIM_DIR,capstone_iii_full,full,41,41,263.0,0.0,0.0,1.0,210.45581162312143,210.44690973625913,0.008901886862308512,,,242.1228480835603,242.1228480835603,350.0,True,False,True,,,
SIM_DIR-1784865603,SIM_DIR,baseline,,42,42,313.0,0.0,0.0,1.0,251.1407135110682,251.1318116242059,0.008901886862308512,364.1540345910489,326.48292756438866,,326.48292756438866,,True,False,True,,,
SIM_DIR-1784865603,SIM_DIR,capstone_i,,42,42,313.0,0.0,0.0,1.0,251.1407135110682,251.1318116242059,0.008901886862308512,364.1540345910489,326.48292756438866,,326.48292756438866,350.0,True,False,True,,,
SIM_DIR-1784865603,SIM_DIR,capstone_ii,,42,42,313.0,0.0,0.0,1.0,251.1407135110682,251.1318116242059,0.008901886862308512,321.25271351106824,294.9607135110682,,294.9607135110682,350.0,True,False,True,,,
SIM_DIR-1784865603,SIM_DIR,capstone_iii_fit_1x,fit_1x,42,42,313.0,0.0,0.0,1.0,251.1407135110682,251.1318116242059,0.008901886862308512,,,263.7973040922785,263.7973040922785,350.0,True,False,True,,,
SIM_DIR-1784865603,SIM_DIR,capstone_iii_fit_2x,fit_2x,42,42,313.0,0.0,0.0,1.0,251.1407135110682,251.1318116242059,0.008901886862308512,,,276.3538946734888,276.3538946734888,350.0,True,False,True,,,
SIM_DIR-1784865603,SIM_DIR,capstone_iii_fit_activity,fit_activity,42,42,313.0,0.0,0.0,1.0,251.1407135110682,251.1318116242059,0.008901886862308512,,,273.8425765572468,273.8425765572468,350.0,True,False,True,,,
SIM_DIR-1784865603,SIM_DIR,capstone_iii_fit_activity_pvt,fit_activity_pvt,42,42,313.0,0.0,0.0,1.0,251.1407135110682,251.1318116242059,0.008901886862308512,,,281.3765309059729,281.3765309059729,350.0,True,False,True,,,
SIM_DIR-1784865603,SIM_DIR,capstone_iii_full,full,42,42,313.0,0.0,0.0,1.0,251.1407135110682,251.1318116242059,0.008901886862308512,,,288.9104852546991,288.9104852546991,350.0,True,False,True,,,
SIM_DIR-1784865603,SIM_DIR,baseline,,43,43,338.0,0.0,0.0,1.0,271.9283524651567,271.9194505782944,0.008901886862308512,394.2961110744772,353.50685820470375,,353.50685820470375,,True,False,True,,,
SIM_DIR-1784865603,SIM_DIR,capstone_i,,43,43,338.0,0.0,0.0,1.0,271.9283524651567,271.9194505782944,0.008901886862308512,394.2961110744772,353.50685820470375,,353.50685820470375,350.0,False,True,False,,,
SIM_DIR-1784865603,SIM_DIR,capstone_ii,,43,43,338.0,0.0,0.0,1.0,271.9283524651567,271.9194505782944,0.008901886862308512,347.6403524651567,319.2483524651567,,319.2483524651567,350.0,True,False,True,,,
SIM_DIR-1784865603,SIM_DIR,capstone_iii_fit_1x,fit_1x,43,43,338.0,0.0,0.0,1.0,271.9283524651567,271.9194505782944,0.008901886862308512,,,285.62432499407146,285.62432499407146,350.0,True,False,True,,,
SIM_DIR-1784865603,SIM_DIR,capstone_iii_fit_2x,fit_2x,43,43,338.0,0.0,0.0,1.0,271.9283524651567,271.9194505782944,0.008901886862308512,,,299.22029752298613,299.22029752298613,350.0,True,False,True,,,
SIM_DIR-1784865603,SIM_DIR,capstone_iii_fit_activity,fit_activity,43,43,338.0,0.0,0.0,1.0,271.9283524651567,271.9194505782944,0.008901886862308512,,,296.5011030172032,296.5011030172032,350.0,True,False,True,,,
SIM_DIR-1784865603,SIM_DIR,capstone_iii_fit_activity_pvt,fit_activity_pvt,43,43,338.0,0.0,0.0,1.0,271.9283524651567,271.9194505782944,0.008901886862308512,,,304.65868653455203,304.65868653455203,350.0,True,False,True,,,
SIM_DIR-1784865603,SIM_DIR,capstone_iii_full,full,43,43,338.0,0.0,0.0,1.0,271.9283524651567,271.9194505782944,0.008901886862308512,,,312.81627005190086,312.81627005190086,350.0,True,False,True,,,
SIM_DIR-1784865603,SIM_DIR,baseline,,44,44,354.0,0.0,0.0,1.0,285.56316962491655,285.55426773805425,0.008901886862308512,414.066595956129,371.23212051239153,,371.23212051239153,,True,False,True,,,
SIM_DIR-1784865603,SIM_DIR,capstone_ii,,44,44,354.0,0.0,0.0,1.0,285.56316962491655,285.55426773805425,0.008901886862308512,364.85916962491655,335.12316962491656,,335.12316962491656,350.0,True,False,True,,,
SIM_DIR-1784865603,SIM_DIR,capstone_iii_fit_1x,fit_1x,44,44,354.0,0.0,0.0,1.0,285.56316962491655,285.55426773805425,0.008901886862308512,,,299.94088301181927,299.94088301181927,350.0,True,False,True,,,
SIM_DIR-1784865603,SIM_DIR,capstone_iii_fit_2x,fit_2x,44,44,354.0,0.0,0.0,1.0,285.56316962491655,285.55426773805425,0.008901886862308512,,,314.21859639872196,314.21859639872196,350.0,True,False,True,,,
SIM_DIR-1784865603,SIM_DIR,capstone_iii_fit_activity,fit_activity,44,44,354.0,0.0,0.0,1.0,285.56316962491655,285.55426773805425,0.008901886862308512,,,311.36305372134143,311.36305372134143,350.0,True,False,True,,,
SIM_DIR-1784865603,SIM_DIR,capstone_iii_fit_activity_pvt,fit_activity_pvt,44,44,354.0,0.0,0.0,1.0,285.56316962491655,285.55426773805425,0.008901886862308512,,,319.92968175348307,319.92968175348307,350.0,True,False,True,,,
SIM_DIR-1784865603,SIM_DIR,capstone_iii_full,full,44,44,354.0,0.0,0.0,1.0,285.56316962491655,285.55426773805425,0.008901886862308512,,,328.4963097856247,328.4963097856247,350.0,True,False,True,,,
SIM_DIR-1784865603,SIM_DIR,baseline,,45,45,354.0,0.0,0.0,1.0,286.3252561394745,286.3163542526122,0.008901886862308512,415.17162140223803,372.22283298131686,,372.22283298131686,,True,False,True,,,
SIM_DIR-1784865603,SIM_DIR,capstone_ii,,45,45,354.0,0.0,0.0,1.0,286.3252561394745,286.3163542526122,0.008901886862308512,365.6212561394745,335.8852561394745,,335.8852561394745,350.0,True,False,True,,,
SIM_DIR-1784865603,SIM_DIR,capstone_iii_fit_1x,fit_1x,45,45,354.0,0.0,0.0,1.0,286.3252561394745,286.3163542526122,0.008901886862308512,,,300.74107385210516,300.74107385210516,350.0,True,False,True,,,
SIM_DIR-1784865603,SIM_DIR,capstone_iii_fit_2x,fit_2x,45,45,354.0,0.0,0.0,1.0,286.3252561394745,286.3163542526122,0.008901886862308512,,,315.05689156473574,315.05689156473574,350.0,True,False,True,,,
SIM_DIR-1784865603,SIM_DIR,capstone_iii_fit_activity,fit_activity,45,45,354.0,0.0,0.0,1.0,286.3252561394745,286.3163542526122,0.008901886862308512,,,312.19372802220965,312.19372802220965,350.0,True,False,True,,,
SIM_DIR-1784865603,SIM_DIR,capstone_iii_fit_activity_pvt,fit_activity_pvt,45,45,354.0,0.0,0.0,1.0,286.3252561394745,286.3163542526122,0.008901886862308512,,,320.783218649788,320.783218649788,350.0,True,False,True,,,
SIM_DIR-1784865603,SIM_DIR,capstone_iii_full,full,45,45,354.0,0.0,0.0,1.0,286.3252561394745,286.3163542526122,0.008901886862308512,,,329.3727092773663,329.3727092773663,350.0,True,False,True,,,
SIM_DIR-1784865603,SIM_DIR,baseline,,46,46,358.0,0.0,0.0,1.0,290.3303645244688,290.3214626376065,0.008901886862308512,420.9790285604797,377.42947388180943,,377.42947388180943,,True,False,True,,,
SIM_DIR-1784865603,SIM_DIR,capstone_ii,,46,46,358.0,0.0,0.0,1.0,290.3303645244688,290.3214626376065,0.008901886862308512,370.5223645244688,340.4503645244688,,340.4503645244688,350.0,True,False,True,,,
SIM_DIR-1784865603,SIM_DIR,capstone_iii_fit_1x,fit_1x,46,46,358.0,0.0,0.0,1.0,290.3303645244688,290.3214626376065,0.008901886862308512,,,304.94643765634913,304.94643765634913,350.0,True,False,True,,,
SIM_DIR-1784865603,SIM_DIR,capstone_iii_fit_2x,fit_2x,46,46,358.0,0.0,0.0,1.0,290.3303645244688,290.3214626376065,0.008901886862308512,,,319.46251078822945,319.46251078822945,350.0,True,False,True,,,
SIM_DIR-1784865603,SIM_DIR,capstone_iii_fit_activity,fit_activity,46,46,358.0,0.0,0.0,1.0,290.3303645244688,290.3214626376065,0.008901886862308512,,,316.5592961618534,316.5592961618534,350.0,True,False,True,,,
SIM_DIR-1784865603,SIM_DIR,capstone_iii_fit_activity_pvt,fit_activity_pvt,46,46,358.0,0.0,0.0,1.0,290.3303645244688,290.3214626376065,0.008901886862308512,,,325.2689400409816,325.2689400409816,350.0,True,False,True,,,
SIM_DIR-1784865603,SIM_DIR,capstone_iii_full,full,46,46,358.0,0.0,0.0,1.0,290.3303645244688,290.3214626376065,0.008901886862308512,,,333.9785839201097,333.9785839201097,350.0,True,False,True,,,
SIM_DIR-1784865603,SIM_DIR,baseline,,47,47,366.0,0.0,0.0,1.0,297.60428526047633,297.595383373614,0.008901886862308512,431.52621362769065,386.88557083861923,,386.88557083861923,,True,False,True,,,
SIM_DIR-1784865603,SIM_DIR,capstone_ii,,47,47,366.0,0.0,0.0,1.0,297.60428526047633,297.595383373614,0.008901886862308512,379.5882852604763,348.84428526047634,,348.84428526047634,350.0,True,False,True,,,
SIM_DIR-1784865603,SIM_DIR,capstone_iii_fit_1x,fit_1x,47,47,366.0,0.0,0.0,1.0,297.60428526047633,297.595383373614,0.008901886862308512,,,312.58405442915705,312.58405442915705,350.0,True,False,True,,,
SIM_DIR-1784865603,SIM_DIR,capstone_iii_fit_2x,fit_2x,47,47,366.0,0.0,0.0,1.0,297.60428526047633,297.595383373614,0.008901886862308512,,,327.46382359783775,327.46382359783775,350.0,True,False,True,,,
SIM_DIR-1784865603,SIM_DIR,capstone_iii_fit_activity,fit_activity,47,47,366.0,0.0,0.0,1.0,297.60428526047633,297.595383373614,0.008901886862308512,,,324.4878697641016,324.4878697641016,350.0,True,False,True,,,
SIM_DIR-1784865603,SIM_DIR,capstone_iii_fit_activity_pvt,fit_activity_pvt,47,47,366.0,0.0,0.0,1.0,297.60428526047633,297.595383373614,0.008901886862308512,,,333.41573126531006,333.41573126531006,350.0,True,False,True,,,
SIM_DIR-1784865603,SIM_DIR,capstone_iii_full,full,47,47,366.0,0.0,0.0,1.0,297.60428526047633,297.595383373614,0.008901886862308512,,,342.34359276651844,342.34359276651844,350.0,True,False,True,,,
SIM_DIR-1784865603,SIM_DIR,baseline,,48,48,370.0,0.0,0.0,1.0,301.65076995214366,301.64186806528136,0.008901886862308512,437.3936164306083,392.14600093778677,,392.14600093778677,,True,False,True,,,
SIM_DIR-1784865603,SIM_DIR,capstone_ii,,48,48,370.0,0.0,0.0,1.0,301.65076995214366,301.64186806528136,0.008901886862308512,384.53076995214366,353.4507699521437,,353.4507699521437,350.0,False,True,False,,,
SIM_DIR-1784865603,SIM_DIR,capstone_iii_fit_1x,fit_1x,48,48,370.0,0.0,0.0,1.0,301.65076995214366,301.64186806528136,0.008901886862308512,,,316.83286335540777,316.83286335540777,350.0,True,False,True,,,
SIM_DIR-1784865603,SIM_DIR,capstone_iii_fit_2x,fit_2x,48,48,370.0,0.0,0.0,1.0,301.65076995214366,301.64186806528136,0.008901886862308512,,,331.91495675867185,331.91495675867185,350.0,True,False,True,,,
SIM_DIR-1784865603,SIM_DIR,capstone_iii_fit_activity,fit_activity,48,48,370.0,0.0,0.0,1.0,301.65076995214366,301.64186806528136,0.008901886862308512,,,328.898538078019,328.898538078019,350.0,True,False,True,,,
SIM_DIR-1784865603,SIM_DIR,capstone_iii_fit_activity_pvt,fit_activity_pvt,48,48,370.0,0.0,0.0,1.0,301.65076995214366,301.64186806528136,0.008901886862308512,,,337.94779411997746,337.94779411997746,350.0,True,False,True,,,
SIM_DIR-1784865603,SIM_DIR,capstone_iii_full,full,48,48,370.0,0.0,0.0,1.0,301.65076995214366,301.64186806528136,0.008901886862308512,,,346.99705016193593,346.99705016193593,350.0,True,False,True,,,
SIM_DIR-1784865603,SIM_DIR,baseline,,49,49,374.0,0.0,0.0,1.0,305.7136183604947,305.7047164736324,0.008901886862308512,443.2847466227173,397.4277038686431,,397.4277038686431,,True,False,True,,,
SIM_DIR-1784865603,SIM_DIR,capstone_iii_fit_1x,fit_1x,49,49,374.0,0.0,0.0,1.0,305.7136183604947,305.7047164736324,0.008901886862308512,,,321.09885418417633,321.09885418417633,350.0,True,False,True,,,
SIM_DIR-1784865603,SIM_DIR,capstone_iii_fit_2x,fit_2x,49,49,374.0,0.0,0.0,1.0,305.7136183604947,305.7047164736324,0.008901886862308512,,,336.38409000785794,336.38409000785794,350.0,True,False,True,,,
SIM_DIR-1784865603,SIM_DIR,capstone_iii_fit_activity,fit_activity,49,49,374.0,0.0,0.0,1.0,305.7136183604947,305.7047164736324,0.008901886862308512,,,333.32704284312166,333.32704284312166,350.0,True,False,True,,,
SIM_DIR-1784865603,SIM_DIR,capstone_iii_fit_activity_pvt,fit_activity_pvt,49,49,374.0,0.0,0.0,1.0,305.7136183604947,305.7047164736324,0.008901886862308512,,,342.4981843373306,342.4981843373306,350.0,True,False,True,,,
SIM_DIR-1784865603,SIM_DIR,capstone_iii_full,full,49,49,374.0,0.0,0.0,1.0,305.7136183604947,305.7047164736324,0.008901886862308512,,,351.66932583153954,351.66932583153954,350.0,False,True,False,,,
SIM_DIR-1784865603,SIM_DIR,baseline,,50,50,386.0,0.0,0.0,1.0,316.34908861483194,316.34018672796964,0.008901886862308512,458.7061784915063,411.2538151992815,,411.2538151992815,,True,False,True,,,
SIM_DIR-1784865603,SIM_DIR,capstone_iii_fit_1x,fit_1x,50,50,386.0,0.0,0.0,1.0,316.34908861483194,316.34018672796964,0.008901886862308512,,,332.26609795123045,332.26609795123045,350.0,True,False,True,,,
SIM_DIR-1784865603,SIM_DIR,capstone_iii_fit_2x,fit_2x,50,50,386.0,0.0,0.0,1.0,316.34908861483194,316.34018672796964,0.008901886862308512,,,348.0831072876289,348.0831072876289,350.0,True,False,True,,,
SIM_DIR-1784865603,SIM_DIR,capstone_iii_fit_activity,fit_activity,50,50,386.0,0.0,0.0,1.0,316.34908861483194,316.34018672796964,0.008901886862308512,,,344.91970542034926,344.91970542034926,350.0,True,False,True,,,
SIM_DIR-1784865603,SIM_DIR,capstone_iii_fit_activity_pvt,fit_activity_pvt,50,50,386.0,0.0,0.0,1.0,316.34908861483194,316.34018672796964,0.008901886862308512,,,354.4099110221883,354.4099110221883,350.0,False,True,False,,,
SIM_DIR-1784865603,SIM_DIR,baseline,,51,51,396.0,0.0,0.0,1.0,325.39178105407575,325.38287916721345,0.008901886862308512,471.81808252840983,423.0093153702985,,423.0093153702985,,True,False,True,,,
SIM_DIR-1784865603,SIM_DIR,capstone_iii_fit_1x,fit_1x,51,51,396.0,0.0,0.0,1.0,325.39178105407575,325.38287916721345,0.008901886862308512,,,341.7609250124365,341.7609250124365,350.0,True,False,True,,,
SIM_DIR-1784865603,SIM_DIR,capstone_iii_fit_2x,fit_2x,51,51,396.0,0.0,0.0,1.0,325.39178105407575,325.38287916721345,0.008901886862308512,,,358.0300689707971,358.0300689707971,350.0,False,True,False,,,
SIM_DIR-1784865603,SIM_DIR,capstone_iii_fit_activity,fit_activity,51,51,396.0,0.0,0.0,1.0,325.39178105407575,325.38287916721345,0.008901886862308512,,,354.776240179125,354.776240179125,350.0,False,True,False,,,
SIM_DIR-1784865603,SIM_DIR,baseline,,52,52,402.0,0.0,0.0,1.0,331.1811818800979,331.1722799932356,0.008901886862308512,480.2127137261419,430.5355364441273,,430.5355364441273,,True,False,True,,,
SIM_DIR-1784865603,SIM_DIR,capstone_iii_fit_1x,fit_1x,52,52,402.0,0.0,0.0,1.0,331.1811818800979,331.1722799932356,0.008901886862308512,,,347.83979587975966,347.83979587975966,350.0,True,False,True,,,
SIM_DIR-1784865603,SIM_DIR,baseline,,53,53,406.0,0.0,0.0,1.0,335.34350687765004,335.33460499078774,0.008901886862308512,486.24808497259255,435.94655894094507,,435.94655894094507,,True,False,True,,,
SIM_DIR-1784865603,SIM_DIR,capstone_iii_fit_1x,fit_1x,53,53,406.0,0.0,0.0,1.0,335.34350687765004,335.33460499078774,0.008901886862308512,,,352.21023712718943,352.21023712718943,350.0,False,True,False,,,
SIM_DIR-1784865603,SIM_DIR,baseline,,54,54,414.0,0.0,0.0,1.0,342.8344140848794,342.8255121980171,0.008901886862308512,497.10990042307515,445.6847383103433,,445.6847383103433,,True,False,True,,,
SIM_DIR-1784865603,SIM_DIR,baseline,,55,55,415.0,0.0,0.0,1.0,344.54713137006246,344.53822948320015,0.008901886862308512,499.59334048659053,447.9112707810812,,447.9112707810812,,True,False,True,,,
SIM_DIR-1784865603,SIM_DIR,baseline,,56,56,425.0,0.0,0.0,1.0,353.7543752205617,353.7454733336994,0.008901886862308512,512.9438440698144,459.8806877867302,,459.8806877867302,,True,False,True,,,
SIM_DIR-1784865603,SIM_DIR,baseline,,57,57,429.0,0.0,0.0,1.0,357.99654897832795,357.98764709146565,0.008901886862308512,519.0949960185756,465.39551367182634,,465.39551367182634,,True,False,True,,,
SIM_DIR-1784865603,SIM_DIR,baseline,,58,58,429.0,0.0,0.0,1.0,358.90853231527115,358.89963042840884,0.008901886862308512,520.4173718571432,466.5810920098525,,466.5810920098525,,True,False,True,,,
SIM_DIR-1784865603,SIM_DIR,baseline,,59,59,431.0,0.0,0.0,1.0,361.4971446142077,361.4882427273454,0.008901886862308512,524.1708596906011,469.94628799847,,469.94628799847,,True,False,True,,,
SIM_DIR-1784865603,SIM_DIR,baseline,,60,60,431.0,0.0,0.0,1.0,362.4117611789101,362.4028592920478,0.008901886862308512,525.4970537094197,471.13528953258316,,471.13528953258316,,True,False,True,,,
SIM_DIR-1784865603,SIM_DIR,baseline,,61,61,433.0,0.0,0.0,1.0,365.01150836164976,365.00260647478746,0.008901886862308512,529.2666871243921,474.5149608701447,,474.5149608701447,,True,False,True,,,
SIM_DIR-1784865603,SIM_DIR,baseline,,62,62,435.0,0.0,0.0,1.0,367.618945740187,367.61004385332467,0.008901886862308512,533.0474713232711,477.90462946224307,,477.90462946224307,,True,False,True,,,
SIM_DIR-1784865603,SIM_DIR,baseline,,63,63,439.0,0.0,0.0,1.0,371.9284669478902,371.91956506102787,0.008901886862308512,539.2962770744407,483.50700703225726,,483.50700703225726,,True,False,True,,,
